<ImportExportXml xmlns:xsi="http://www.w3.org/2001/XMLSchema-instance">
  <Entities></Entities>
  <Roles></Roles>
  <Workflows></Workflows>
  <FieldSecurityProfiles></FieldSecurityProfiles>
  <Templates />
  <EntityMaps />
  <EntityRelationships />
  <OrganizationSettings />
  <optionsets />
  <Reports>
    <ReportSignatureIdMappings>
      <ReportSignatureIdMapping reportid="{6bb4314a-e417-e611-80d8-00155d010e2c}" signatureid="{00000000-0000-0000-0000-000000000000}" signaturelcid="0" />
      <ReportSignatureIdMapping reportid="{b748e668-623e-e611-80d9-00155d010e2c}" signatureid="{00000000-0000-0000-0000-000000000000}" signaturelcid="0" />
      <ReportSignatureIdMapping reportid="{427d5b6d-690f-e711-80ef-00155d010e2c}" signatureid="{00000000-0000-0000-0000-000000000000}" signaturelcid="0" />
      <ReportSignatureIdMapping reportid="{8bba0e41-04d4-e611-80e7-00155d010e2c}" signatureid="{00000000-0000-0000-0000-000000000000}" signaturelcid="0" />
      <ReportSignatureIdMapping reportid="{806f7ed3-26da-e611-80ed-00155d010e2c}" signatureid="{00000000-0000-0000-0000-000000000000}" signaturelcid="0" />
      <ReportSignatureIdMapping reportid="{c4005add-2cff-e611-80ef-00155d010e2c}" signatureid="{00000000-0000-0000-0000-000000000000}" signaturelcid="0" />
      <ReportSignatureIdMapping reportid="{5d57ff39-61d2-e611-80e7-00155d010e2c}" signatureid="{00000000-0000-0000-0000-000000000000}" signaturelcid="0" />
      <ReportSignatureIdMapping reportid="{4e217836-b0af-e611-80e1-00155d010e2c}" signatureid="{00000000-0000-0000-0000-000000000000}" signaturelcid="0" />
      <ReportSignatureIdMapping reportid="{9528e482-50b5-e611-80e3-00155d010e2c}" signatureid="{00000000-0000-0000-0000-000000000000}" signaturelcid="0" />
      <ReportSignatureIdMapping reportid="{67de97b4-0a5e-e611-80db-00155d010e2c}" signatureid="{00000000-0000-0000-0000-000000000000}" signaturelcid="0" />
      <ReportSignatureIdMapping reportid="{246f335c-673e-e611-80d9-00155d010e2c}" signatureid="{00000000-0000-0000-0000-000000000000}" signaturelcid="0" />
      <ReportSignatureIdMapping reportid="{f4f1218e-1574-e611-80dc-00155d010e2c}" signatureid="{00000000-0000-0000-0000-000000000000}" signaturelcid="0" />
      <ReportSignatureIdMapping reportid="{b974d1d9-4dda-e611-80ed-00155d010e2c}" signatureid="{00000000-0000-0000-0000-000000000000}" signaturelcid="0" />
      <ReportSignatureIdMapping reportid="{b2ba0096-5910-e711-80ef-00155d010e2c}" signatureid="{00000000-0000-0000-0000-000000000000}" signaturelcid="0" />
      <ReportSignatureIdMapping reportid="{7d9b4e64-7442-e611-80da-00155d010e2c}" signatureid="{00000000-0000-0000-0000-000000000000}" signaturelcid="0" />
      <ReportSignatureIdMapping reportid="{c13624c1-c7ed-e611-80ee-00155d010e2c}" signatureid="{00000000-0000-0000-0000-000000000000}" signaturelcid="0" />
      <ReportSignatureIdMapping reportid="{7d723b34-de52-e611-80da-00155d010e2c}" signatureid="{00000000-0000-0000-0000-000000000000}" signaturelcid="0" />
      <ReportSignatureIdMapping reportid="{3e749607-955f-e611-80db-00155d010e2c}" signatureid="{00000000-0000-0000-0000-000000000000}" signaturelcid="0" />
      <ReportSignatureIdMapping reportid="{96bd2042-e870-e611-80db-00155d010e2c}" signatureid="{00000000-0000-0000-0000-000000000000}" signaturelcid="0" />
      <ReportSignatureIdMapping reportid="{82439c4c-4973-e611-80dc-00155d010e2c}" signatureid="{00000000-0000-0000-0000-000000000000}" signaturelcid="0" />
      <ReportSignatureIdMapping reportid="{50bf1ed3-6f10-e711-80ef-00155d010e2c}" signatureid="{00000000-0000-0000-0000-000000000000}" signaturelcid="0" />
      <ReportSignatureIdMapping reportid="{347075c2-6f10-e711-80ef-00155d010e2c}" signatureid="{00000000-0000-0000-0000-000000000000}" signaturelcid="0" />
      <ReportSignatureIdMapping reportid="{8f8e50de-6f10-e711-80ef-00155d010e2c}" signatureid="{00000000-0000-0000-0000-000000000000}" signaturelcid="0" />
      <ReportSignatureIdMapping reportid="{39bcb1e4-6f10-e711-80ef-00155d010e2c}" signatureid="{00000000-0000-0000-0000-000000000000}" signaturelcid="0" />
      <ReportSignatureIdMapping reportid="{ba565603-a70e-e711-80ef-00155d010e2c}" signatureid="{00000000-0000-0000-0000-000000000000}" signaturelcid="0" />
    </ReportSignatureIdMappings>
    <Report>
      <name>Cash Receipt</name>
      <iscustomreport>0</iscustomreport>
      <filename>Cash Receipt.rdl</filename>
      <languagecode>1033</languagecode>
      <reportid>{6bb4314a-e417-e611-80d8-00155d010e2c}</reportid>
      <reporttypecode>1</reporttypecode>
      <IntroducedVersion>1.2016.1.0</IntroducedVersion>
      <createdinmajorversion>7</createdinmajorversion>
      <iscustomizable>1</iscustomizable>
      <ExportedFileName>/Reports/CashReceiptrdl6bb4314a-e417-e611-80d8-00155d010e2c</ExportedFileName>
      <ReportCategories />
      <ReportVisibilities>
        <ReportVisbility>1</ReportVisbility>
      </ReportVisibilities>
      <ReportEntities />
    </Report>
    <Report>
      <name>CFO Quantity</name>
      <iscustomreport>0</iscustomreport>
      <filename>CFOQuantity.rdl</filename>
      <languagecode>1033</languagecode>
      <reportid>{b748e668-623e-e611-80d9-00155d010e2c}</reportid>
      <reporttypecode>1</reporttypecode>
      <IntroducedVersion>1.2016.2.0</IntroducedVersion>
      <createdinmajorversion>7</createdinmajorversion>
      <iscustomizable>1</iscustomizable>
      <ExportedFileName>/Reports/CFOQuantityrdlb748e668-623e-e611-80d9-00155d010e2c</ExportedFileName>
      <ReportCategories />
      <ReportVisibilities>
        <ReportVisbility>2</ReportVisbility>
      </ReportVisibilities>
      <ReportEntities>
        <ReportEntity>gsc_sls_committedfirmorderquantity</ReportEntity>
      </ReportEntities>
    </Report>
    <Report>
      <name>Copy of SalesOrderNew</name>
      <iscustomreport>0</iscustomreport>
      <filename>Copy of SalesOrderNew.rdl</filename>
      <languagecode>1033</languagecode>
      <reportid>{427d5b6d-690f-e711-80ef-00155d010e2c}</reportid>
      <reporttypecode>1</reporttypecode>
      <IntroducedVersion>0.8.5.170316</IntroducedVersion>
      <createdinmajorversion>7</createdinmajorversion>
      <iscustomizable>1</iscustomizable>
      <ExportedFileName>/Reports/CopyofSalesOrderNewrdl427d5b6d-690f-e711-80ef-00155d010e2c</ExportedFileName>
      <ReportCategories />
      <ReportVisibilities>
        <ReportVisbility>1</ReportVisbility>
      </ReportVisibilities>
      <ReportEntities />
    </Report>
    <Report>
      <name>Delivery Receipt and Gate Pass Form</name>
      <iscustomreport>0</iscustomreport>
      <description>Latest Report</description>
      <filename>DeliveryReceiptandGatePassNew.rdl</filename>
      <languagecode>1033</languagecode>
      <reportid>{8bba0e41-04d4-e611-80e7-00155d010e2c}</reportid>
      <reporttypecode>1</reporttypecode>
      <IntroducedVersion>0.6.0.170105</IntroducedVersion>
      <createdinmajorversion>7</createdinmajorversion>
      <iscustomizable>1</iscustomizable>
      <ExportedFileName>/Reports/DeliveryReceiptandGatePassNewrdl8bba0e41-04d4-e611-80e7-00155d010e2c</ExportedFileName>
      <ReportCategories>
        <ReportCategory name="Sales Reports">1</ReportCategory>
      </ReportCategories>
      <ReportVisibilities>
        <ReportVisbility>1</ReportVisbility>
      </ReportVisibilities>
      <ReportEntities>
        <ReportEntity>invoice</ReportEntity>
      </ReportEntities>
    </Report>
    <Report>
      <name>General Vehicle Data Form</name>
      <iscustomreport>0</iscustomreport>
      <description>Latest Report</description>
      <filename>GVD.rdl</filename>
      <languagecode>1033</languagecode>
      <reportid>{806f7ed3-26da-e611-80ed-00155d010e2c}</reportid>
      <reporttypecode>1</reporttypecode>
      <IntroducedVersion>0.6.0.170105</IntroducedVersion>
      <createdinmajorversion>7</createdinmajorversion>
      <iscustomizable>1</iscustomizable>
      <ExportedFileName>/Reports/GVDrdl806f7ed3-26da-e611-80ed-00155d010e2c</ExportedFileName>
      <ReportCategories>
        <ReportCategory name="Sales Reports">1</ReportCategory>
      </ReportCategories>
      <ReportVisibilities>
        <ReportVisbility>1</ReportVisbility>
      </ReportVisibilities>
      <ReportEntities>
        <ReportEntity>gsc_sls_gvd</ReportEntity>
      </ReportEntities>
    </Report>
    <Report>
      <name>OrderPlanning</name>
      <iscustomreport>0</iscustomreport>
      <filename>OrderPlanning.rdl</filename>
      <languagecode>1033</languagecode>
      <reportid>{c4005add-2cff-e611-80ef-00155d010e2c}</reportid>
      <reporttypecode>1</reporttypecode>
      <IntroducedVersion>0.8.3.170227</IntroducedVersion>
      <createdinmajorversion>7</createdinmajorversion>
      <iscustomizable>1</iscustomizable>
      <ExportedFileName>/Reports/OrderPlanningrdlc4005add-2cff-e611-80ef-00155d010e2c</ExportedFileName>
      <ReportCategories />
      <ReportVisibilities>
        <ReportVisbility>1</ReportVisbility>
      </ReportVisibilities>
      <ReportEntities />
    </Report>
    <Report>
      <name>Sales Invoice Form</name>
      <iscustomreport>0</iscustomreport>
      <description>Latest Report</description>
      <filename>SalesInvoiceNew.rdl</filename>
      <languagecode>1033</languagecode>
      <reportid>{5d57ff39-61d2-e611-80e7-00155d010e2c}</reportid>
      <reporttypecode>1</reporttypecode>
      <IntroducedVersion>0.5.0.161007</IntroducedVersion>
      <createdinmajorversion>7</createdinmajorversion>
      <iscustomizable>1</iscustomizable>
      <ExportedFileName>/Reports/SalesInvoiceNewrdl5d57ff39-61d2-e611-80e7-00155d010e2c</ExportedFileName>
      <ReportCategories>
        <ReportCategory name="Sales Reports">1</ReportCategory>
      </ReportCategories>
      <ReportVisibilities>
        <ReportVisbility>1</ReportVisbility>
      </ReportVisibilities>
      <ReportEntities>
        <ReportEntity>invoice</ReportEntity>
      </ReportEntities>
    </Report>
    <Report>
      <name>Sales Order Form</name>
      <iscustomreport>0</iscustomreport>
      <description>Latest Report</description>
      <filename>SalesOrderNew.rdl</filename>
      <languagecode>1033</languagecode>
      <reportid>{4e217836-b0af-e611-80e1-00155d010e2c}</reportid>
      <reporttypecode>1</reporttypecode>
      <IntroducedVersion>0.5.0.161007</IntroducedVersion>
      <createdinmajorversion>7</createdinmajorversion>
      <iscustomizable>1</iscustomizable>
      <ExportedFileName>/Reports/SalesOrderNewrdl4e217836-b0af-e611-80e1-00155d010e2c</ExportedFileName>
      <ReportCategories>
        <ReportCategory name="Sales Reports">1</ReportCategory>
      </ReportCategories>
      <ReportVisibilities>
        <ReportVisbility>1</ReportVisbility>
      </ReportVisibilities>
      <ReportEntities>
        <ReportEntity>salesorder</ReportEntity>
      </ReportEntities>
    </Report>
    <Report>
      <name>Sales Quote Form</name>
      <iscustomreport>0</iscustomreport>
      <description>Latest Report</description>
      <filename>QuoteNew.rdl</filename>
      <languagecode>1033</languagecode>
      <reportid>{9528e482-50b5-e611-80e3-00155d010e2c}</reportid>
      <reporttypecode>1</reporttypecode>
      <IntroducedVersion>0.5.0.161007</IntroducedVersion>
      <createdinmajorversion>7</createdinmajorversion>
      <iscustomizable>1</iscustomizable>
      <ExportedFileName>/Reports/QuoteNewrdl9528e482-50b5-e611-80e3-00155d010e2c</ExportedFileName>
      <ReportCategories />
      <ReportVisibilities>
        <ReportVisbility>1</ReportVisbility>
      </ReportVisibilities>
      <ReportEntities>
        <ReportEntity>quote</ReportEntity>
      </ReportEntities>
    </Report>
    <Report>
      <name>Shipping Claim</name>
      <iscustomreport>0</iscustomreport>
      <filename>Shipping Claim.rdl</filename>
      <languagecode>1033</languagecode>
      <reportid>{67de97b4-0a5e-e611-80db-00155d010e2c}</reportid>
      <reporttypecode>1</reporttypecode>
      <IntroducedVersion>1.2016.3.0</IntroducedVersion>
      <createdinmajorversion>7</createdinmajorversion>
      <iscustomizable>1</iscustomizable>
      <ExportedFileName>/Reports/ShippingClaimrdl67de97b4-0a5e-e611-80db-00155d010e2c</ExportedFileName>
      <ReportCategories />
      <ReportVisibilities>
        <ReportVisbility>1</ReportVisbility>
        <ReportVisbility>2</ReportVisbility>
      </ReportVisibilities>
      <ReportEntities />
    </Report>
    <Report>
      <name>Suggested CFO</name>
      <iscustomreport>0</iscustomreport>
      <filename>CFOInquiry.rdl</filename>
      <languagecode>1033</languagecode>
      <reportid>{246f335c-673e-e611-80d9-00155d010e2c}</reportid>
      <reporttypecode>1</reporttypecode>
      <IntroducedVersion>1.2016.2.0</IntroducedVersion>
      <createdinmajorversion>7</createdinmajorversion>
      <iscustomizable>1</iscustomizable>
      <ExportedFileName>/Reports/CFOInquiryrdl246f335c-673e-e611-80d9-00155d010e2c</ExportedFileName>
      <ReportCategories />
      <ReportVisibilities>
        <ReportVisbility>2</ReportVisbility>
      </ReportVisibilities>
      <ReportEntities>
        <ReportEntity>gsc_sls_committedfirmorder</ReportEntity>
      </ReportEntities>
    </Report>
    <Report>
      <name>Vehicle Adjustment Entry Form</name>
      <iscustomreport>0</iscustomreport>
      <description>Latest Report</description>
      <filename>VehicleAdjustment.rdl</filename>
      <languagecode>1033</languagecode>
      <reportid>{f4f1218e-1574-e611-80dc-00155d010e2c}</reportid>
      <reporttypecode>1</reporttypecode>
      <IntroducedVersion>1.2016.3.0</IntroducedVersion>
      <createdinmajorversion>7</createdinmajorversion>
      <iscustomizable>1</iscustomizable>
      <ExportedFileName>/Reports/VehicleAdjustmentrdlf4f1218e-1574-e611-80dc-00155d010e2c</ExportedFileName>
      <ReportCategories />
      <ReportVisibilities>
        <ReportVisbility>2</ReportVisbility>
      </ReportVisibilities>
      <ReportEntities>
        <ReportEntity>gsc_sls_vehicleadjustmentvarianceentry</ReportEntity>
      </ReportEntities>
    </Report>
    <Report>
      <name>Vehicle Inventory By Quantity Form</name>
      <iscustomreport>0</iscustomreport>
      <description>Latest Report</description>
      <filename>VehicleInventoryByQuantity.rdl</filename>
      <languagecode>1033</languagecode>
      <reportid>{b974d1d9-4dda-e611-80ed-00155d010e2c}</reportid>
      <reporttypecode>1</reporttypecode>
      <IntroducedVersion>0.7.0.170114</IntroducedVersion>
      <createdinmajorversion>7</createdinmajorversion>
      <iscustomizable>1</iscustomizable>
      <ExportedFileName>/Reports/VehicleInventoryByQuantityrdlb974d1d9-4dda-e611-80ed-00155d010e2c</ExportedFileName>
      <ReportCategories>
        <ReportCategory name="Sales Reports">1</ReportCategory>
      </ReportCategories>
      <ReportVisibilities>
        <ReportVisbility>1</ReportVisbility>
      </ReportVisibilities>
      <ReportEntities>
        <ReportEntity>gsc_iv_productquantity</ReportEntity>
      </ReportEntities>
    </Report>
    <Report>
      <name>Vehicle Inventory Movement</name>
      <iscustomreport>0</iscustomreport>
      <description>Latest Report</description>
      <filename>Vehicle Inventory Movement Report.rdl</filename>
      <languagecode>1033</languagecode>
      <reportid>{b2ba0096-5910-e711-80ef-00155d010e2c}</reportid>
      <reporttypecode>1</reporttypecode>
      <IntroducedVersion>0.8.5.170323</IntroducedVersion>
      <createdinmajorversion>7</createdinmajorversion>
      <iscustomizable>1</iscustomizable>
      <ExportedFileName>/Reports/VehicleInventoryMovementReportrdlb2ba0096-5910-e711-80ef-00155d010e2c</ExportedFileName>
      <ReportCategories />
      <ReportVisibilities>
        <ReportVisbility>1</ReportVisbility>
      </ReportVisibilities>
      <ReportEntities />
    </Report>
    <Report>
      <name>Vehicle Purchase Order Form</name>
      <iscustomreport>0</iscustomreport>
      <description>Latest Report</description>
      <filename>PurchaseOrder_01272017.rdl</filename>
      <languagecode>1033</languagecode>
      <reportid>{7d9b4e64-7442-e611-80da-00155d010e2c}</reportid>
      <reporttypecode>1</reporttypecode>
      <IntroducedVersion>1.2016.2.0</IntroducedVersion>
      <createdinmajorversion>7</createdinmajorversion>
      <iscustomizable>1</iscustomizable>
      <ExportedFileName>/Reports/PurchaseOrder_01272017rdl7d9b4e64-7442-e611-80da-00155d010e2c</ExportedFileName>
      <ReportCategories />
      <ReportVisibilities>
        <ReportVisbility>2</ReportVisbility>
      </ReportVisibilities>
      <ReportEntities>
        <ReportEntity>gsc_cmn_purchaseorder</ReportEntity>
      </ReportEntities>
    </Report>
    <Report>
      <name>Vehicle Purchase Order Return Form</name>
      <iscustomreport>0</iscustomreport>
      <description>Latest Report</description>
      <filename>VehicleReturn.rdl</filename>
      <languagecode>1033</languagecode>
      <reportid>{c13624c1-c7ed-e611-80ee-00155d010e2c}</reportid>
      <reporttypecode>1</reporttypecode>
      <IntroducedVersion>0.7.7.170128</IntroducedVersion>
      <createdinmajorversion>7</createdinmajorversion>
      <iscustomizable>1</iscustomizable>
      <ExportedFileName>/Reports/VehicleReturnrdlc13624c1-c7ed-e611-80ee-00155d010e2c</ExportedFileName>
      <ReportCategories />
      <ReportVisibilities>
        <ReportVisbility>1</ReportVisbility>
      </ReportVisibilities>
      <ReportEntities>
        <ReportEntity>gsc_cmn_returntransaction</ReportEntity>
      </ReportEntities>
    </Report>
    <Report>
      <name>Vehicle Receiving Transaction Form</name>
      <iscustomreport>0</iscustomreport>
      <description>Latest Report</description>
      <filename>VehicleReceivingNew.rdl</filename>
      <languagecode>1033</languagecode>
      <reportid>{7d723b34-de52-e611-80da-00155d010e2c}</reportid>
      <reporttypecode>1</reporttypecode>
      <IntroducedVersion>1.2016.2.0</IntroducedVersion>
      <createdinmajorversion>7</createdinmajorversion>
      <iscustomizable>1</iscustomizable>
      <ExportedFileName>/Reports/VehicleReceivingNewrdl7d723b34-de52-e611-80da-00155d010e2c</ExportedFileName>
      <ReportCategories />
      <ReportVisibilities>
        <ReportVisbility>1</ReportVisbility>
      </ReportVisibilities>
      <ReportEntities>
        <ReportEntity>gsc_svc_receivingtransaction</ReportEntity>
      </ReportEntities>
    </Report>
    <Report>
      <name>Vehicle Transfer Form</name>
      <iscustomreport>0</iscustomreport>
      <description>Latest Report</description>
      <filename>VehicleTransfer.rdl</filename>
      <languagecode>1033</languagecode>
      <reportid>{3e749607-955f-e611-80db-00155d010e2c}</reportid>
      <reporttypecode>1</reporttypecode>
      <IntroducedVersion>1.2016.3.0</IntroducedVersion>
      <createdinmajorversion>7</createdinmajorversion>
      <iscustomizable>1</iscustomizable>
      <ExportedFileName>/Reports/VehicleTransferrdl3e749607-955f-e611-80db-00155d010e2c</ExportedFileName>
      <ReportCategories>
        <ReportCategory name="Sales Reports">1</ReportCategory>
      </ReportCategories>
      <ReportVisibilities>
        <ReportVisbility>2</ReportVisbility>
      </ReportVisibilities>
      <ReportEntities />
    </Report>
    <Report>
      <name>VehicleInTransitTransfer</name>
      <iscustomreport>0</iscustomreport>
      <filename>VehicleInTransitTransfer.rdl</filename>
      <languagecode>1033</languagecode>
      <reportid>{96bd2042-e870-e611-80db-00155d010e2c}</reportid>
      <reporttypecode>1</reporttypecode>
      <IntroducedVersion>1.2016.3.0</IntroducedVersion>
      <createdinmajorversion>7</createdinmajorversion>
      <iscustomizable>1</iscustomizable>
      <ExportedFileName>/Reports/VehicleInTransitTransferrdl96bd2042-e870-e611-80db-00155d010e2c</ExportedFileName>
      <ReportCategories />
      <ReportVisibilities>
        <ReportVisbility>1</ReportVisbility>
        <ReportVisbility>2</ReportVisbility>
        <ReportVisbility>3</ReportVisbility>
      </ReportVisibilities>
      <ReportEntities>
        <ReportEntity>gsc_iv_vehicleintransittransfer</ReportEntity>
      </ReportEntities>
    </Report>
    <Report>
      <name>VehicleInTransitTransferReceiving</name>
      <iscustomreport>0</iscustomreport>
      <filename>VehicleInTransitTransferReceiving.rdl</filename>
      <languagecode>1033</languagecode>
      <reportid>{82439c4c-4973-e611-80dc-00155d010e2c}</reportid>
      <reporttypecode>1</reporttypecode>
      <IntroducedVersion>1.2016.3.0</IntroducedVersion>
      <createdinmajorversion>7</createdinmajorversion>
      <iscustomizable>1</iscustomizable>
      <ExportedFileName>/Reports/VehicleInTransitTransferReceivingrdl82439c4c-4973-e611-80dc-00155d010e2c</ExportedFileName>
      <ReportCategories />
      <ReportVisibilities>
        <ReportVisbility>1</ReportVisbility>
      </ReportVisibilities>
      <ReportEntities />
    </Report>
    <Report>
      <name>VehicleQuantityAllocated</name>
      <iscustomreport>0</iscustomreport>
      <filename>VehicleQuantityAllocated.rdl</filename>
      <languagecode>1033</languagecode>
      <reportid>{50bf1ed3-6f10-e711-80ef-00155d010e2c}</reportid>
      <reporttypecode>1</reporttypecode>
      <IntroducedVersion>0.8.5.170323</IntroducedVersion>
      <createdinmajorversion>7</createdinmajorversion>
      <iscustomizable>1</iscustomizable>
      <ExportedFileName>/Reports/VehicleQuantityAllocatedrdl50bf1ed3-6f10-e711-80ef-00155d010e2c</ExportedFileName>
      <ReportCategories />
      <ReportVisibilities>
        <ReportVisbility>1</ReportVisbility>
      </ReportVisibilities>
      <ReportEntities />
    </Report>
    <Report>
      <name>VehicleQuantityAvailable</name>
      <iscustomreport>0</iscustomreport>
      <filename>VehicleQuantityAvailable.rdl</filename>
      <languagecode>1033</languagecode>
      <reportid>{347075c2-6f10-e711-80ef-00155d010e2c}</reportid>
      <reporttypecode>1</reporttypecode>
      <IntroducedVersion>0.8.5.170323</IntroducedVersion>
      <createdinmajorversion>7</createdinmajorversion>
      <iscustomizable>1</iscustomizable>
      <ExportedFileName>/Reports/VehicleQuantityAvailablerdl347075c2-6f10-e711-80ef-00155d010e2c</ExportedFileName>
      <ReportCategories />
      <ReportVisibilities>
        <ReportVisbility>1</ReportVisbility>
      </ReportVisibilities>
      <ReportEntities />
    </Report>
    <Report>
      <name>VehicleQuantitySold</name>
      <iscustomreport>0</iscustomreport>
      <filename>VehicleQuantitySold.rdl</filename>
      <languagecode>1033</languagecode>
      <reportid>{8f8e50de-6f10-e711-80ef-00155d010e2c}</reportid>
      <reporttypecode>1</reporttypecode>
      <IntroducedVersion>0.8.5.170323</IntroducedVersion>
      <createdinmajorversion>7</createdinmajorversion>
      <iscustomizable>1</iscustomizable>
      <ExportedFileName>/Reports/VehicleQuantitySoldrdl8f8e50de-6f10-e711-80ef-00155d010e2c</ExportedFileName>
      <ReportCategories />
      <ReportVisibilities>
        <ReportVisbility>1</ReportVisbility>
      </ReportVisibilities>
      <ReportEntities />
    </Report>
    <Report>
      <name>VehicleQuantityUnServed</name>
      <iscustomreport>0</iscustomreport>
      <filename>VehicleQuantityUnServed.rdl</filename>
      <languagecode>1033</languagecode>
      <reportid>{39bcb1e4-6f10-e711-80ef-00155d010e2c}</reportid>
      <reporttypecode>1</reporttypecode>
      <IntroducedVersion>0.8.5.170323</IntroducedVersion>
      <createdinmajorversion>7</createdinmajorversion>
      <iscustomizable>1</iscustomizable>
      <ExportedFileName>/Reports/VehicleQuantityUnServedrdl39bcb1e4-6f10-e711-80ef-00155d010e2c</ExportedFileName>
      <ReportCategories />
      <ReportVisibilities>
        <ReportVisbility>1</ReportVisbility>
      </ReportVisibilities>
      <ReportEntities />
    </Report>
    <Report>
      <name>VehicleRetail</name>
      <iscustomreport>0</iscustomreport>
      <filename>VehicleRetail.rdl</filename>
      <languagecode>1033</languagecode>
      <reportid>{ba565603-a70e-e711-80ef-00155d010e2c}</reportid>
      <reporttypecode>1</reporttypecode>
      <IntroducedVersion>0.8.5.170316</IntroducedVersion>
      <createdinmajorversion>7</createdinmajorversion>
      <iscustomizable>1</iscustomizable>
      <ExportedFileName>/Reports/VehicleRetailrdlba565603-a70e-e711-80ef-00155d010e2c</ExportedFileName>
      <ReportCategories />
      <ReportVisibilities>
        <ReportVisbility>1</ReportVisbility>
        <ReportVisbility>3</ReportVisbility>
      </ReportVisibilities>
      <ReportEntities>
        <ReportEntity>invoice</ReportEntity>
      </ReportEntities>
    </Report>
  </Reports>
  <Languages>
    <Language>1033</Language>
  </Languages>
</ImportExportXml>