<ImportExportXml version="7.0.0000.3543" SolutionPackageVersion="7.0" languagecode="1033" generatedBy="OnPremise" xmlns:xsi="http://www.w3.org/2001/XMLSchema-instance">
  <SolutionManifest>
    <UniqueName>GSC_Reports</UniqueName>
    <LocalizedNames>
      <LocalizedName description="GSC_Reports" languagecode="1033" />
    </LocalizedNames>
    <Descriptions>
      <Description description="This solution contains all the report files for DMS." languagecode="1033" />
    </Descriptions>
    <Version>0.8.30.171110</Version>
    <Managed>0</Managed>
    <Publisher>
      <UniqueName>gurangosoftwarecorporation</UniqueName>
      <LocalizedNames>
        <LocalizedName description="gurangosoftwarecorporation" languagecode="1033" />
      </LocalizedNames>
      <Descriptions />
      <EMailAddress xsi:nil="true"></EMailAddress>
      <SupportingWebsiteUrl xsi:nil="true"></SupportingWebsiteUrl>
      <CustomizationPrefix>gsc</CustomizationPrefix>
      <CustomizationOptionValuePrefix>10000</CustomizationOptionValuePrefix>
      <Addresses>
        <Address>
          <AddressNumber>1</AddressNumber>
          <AddressTypeCode>1</AddressTypeCode>
          <City xsi:nil="true"></City>
          <County xsi:nil="true"></County>
          <Country xsi:nil="true"></Country>
          <Fax xsi:nil="true"></Fax>
          <FreightTermsCode xsi:nil="true"></FreightTermsCode>
          <ImportSequenceNumber xsi:nil="true"></ImportSequenceNumber>
          <Latitude xsi:nil="true"></Latitude>
          <Line1 xsi:nil="true"></Line1>
          <Line2 xsi:nil="true"></Line2>
          <Line3 xsi:nil="true"></Line3>
          <Longitude xsi:nil="true"></Longitude>
          <Name xsi:nil="true"></Name>
          <PostalCode xsi:nil="true"></PostalCode>
          <PostOfficeBox xsi:nil="true"></PostOfficeBox>
          <PrimaryContactName xsi:nil="true"></PrimaryContactName>
          <ShippingMethodCode>1</ShippingMethodCode>
          <StateOrProvince xsi:nil="true"></StateOrProvince>
          <Telephone1 xsi:nil="true"></Telephone1>
          <Telephone2 xsi:nil="true"></Telephone2>
          <Telephone3 xsi:nil="true"></Telephone3>
          <TimeZoneRuleVersionNumber xsi:nil="true"></TimeZoneRuleVersionNumber>
          <UPSZone xsi:nil="true"></UPSZone>
          <UTCOffset xsi:nil="true"></UTCOffset>
          <UTCConversionTimeZoneCode xsi:nil="true"></UTCConversionTimeZoneCode>
        </Address>
        <Address>
          <AddressNumber>2</AddressNumber>
          <AddressTypeCode>1</AddressTypeCode>
          <City xsi:nil="true"></City>
          <County xsi:nil="true"></County>
          <Country xsi:nil="true"></Country>
          <Fax xsi:nil="true"></Fax>
          <FreightTermsCode xsi:nil="true"></FreightTermsCode>
          <ImportSequenceNumber xsi:nil="true"></ImportSequenceNumber>
          <Latitude xsi:nil="true"></Latitude>
          <Line1 xsi:nil="true"></Line1>
          <Line2 xsi:nil="true"></Line2>
          <Line3 xsi:nil="true"></Line3>
          <Longitude xsi:nil="true"></Longitude>
          <Name xsi:nil="true"></Name>
          <PostalCode xsi:nil="true"></PostalCode>
          <PostOfficeBox xsi:nil="true"></PostOfficeBox>
          <PrimaryContactName xsi:nil="true"></PrimaryContactName>
          <ShippingMethodCode>1</ShippingMethodCode>
          <StateOrProvince xsi:nil="true"></StateOrProvince>
          <Telephone1 xsi:nil="true"></Telephone1>
          <Telephone2 xsi:nil="true"></Telephone2>
          <Telephone3 xsi:nil="true"></Telephone3>
          <TimeZoneRuleVersionNumber xsi:nil="true"></TimeZoneRuleVersionNumber>
          <UPSZone xsi:nil="true"></UPSZone>
          <UTCOffset xsi:nil="true"></UTCOffset>
          <UTCConversionTimeZoneCode xsi:nil="true"></UTCConversionTimeZoneCode>
        </Address>
      </Addresses>
    </Publisher>
    <RootComponents>
      <RootComponent type="31" id="{2310ca66-9ca8-e711-80fb-00155d010e2c}" />
      <RootComponent type="31" id="{246f335c-673e-e611-80d9-00155d010e2c}" />
      <RootComponent type="31" id="{347075c2-6f10-e711-80ef-00155d010e2c}" />
      <RootComponent type="31" id="{36529486-10a4-e711-80fa-00155d010e2c}" />
      <RootComponent type="31" id="{39bcb1e4-6f10-e711-80ef-00155d010e2c}" />
      <RootComponent type="31" id="{3e749607-955f-e611-80db-00155d010e2c}" />
      <RootComponent type="31" id="{3f55d460-a3a8-e711-80fb-00155d010e2c}" />
      <RootComponent type="31" id="{4000fa45-a8a8-e711-80fb-00155d010e2c}" />
      <RootComponent type="31" id="{427d5b6d-690f-e711-80ef-00155d010e2c}" />
      <RootComponent type="31" id="{4e217836-b0af-e611-80e1-00155d010e2c}" />
      <RootComponent type="31" id="{50bf1ed3-6f10-e711-80ef-00155d010e2c}" />
      <RootComponent type="31" id="{5d57ff39-61d2-e611-80e7-00155d010e2c}" />
      <RootComponent type="31" id="{67de97b4-0a5e-e611-80db-00155d010e2c}" />
      <RootComponent type="31" id="{6bb4314a-e417-e611-80d8-00155d010e2c}" />
      <RootComponent type="31" id="{7d4c55ed-adb3-e711-80fb-00155d010e2c}" />
      <RootComponent type="31" id="{7d723b34-de52-e611-80da-00155d010e2c}" />
      <RootComponent type="31" id="{7d9b4e64-7442-e611-80da-00155d010e2c}" />
      <RootComponent type="31" id="{806f7ed3-26da-e611-80ed-00155d010e2c}" />
      <RootComponent type="31" id="{82439c4c-4973-e611-80dc-00155d010e2c}" />
      <RootComponent type="31" id="{8bba0e41-04d4-e611-80e7-00155d010e2c}" />
      <RootComponent type="31" id="{8f8e50de-6f10-e711-80ef-00155d010e2c}" />
      <RootComponent type="31" id="{918e150a-98a9-e711-80fb-00155d010e2c}" />
      <RootComponent type="31" id="{9528e482-50b5-e611-80e3-00155d010e2c}" />
      <RootComponent type="31" id="{96bd2042-e870-e611-80db-00155d010e2c}" />
      <RootComponent type="31" id="{96ef2cee-ec24-e711-80f1-00155d010e2c}" />
      <RootComponent type="31" id="{a7d32f0f-aeb3-e711-80fb-00155d010e2c}" />
      <RootComponent type="31" id="{b2ba0096-5910-e711-80ef-00155d010e2c}" />
      <RootComponent type="31" id="{b748e668-623e-e611-80d9-00155d010e2c}" />
      <RootComponent type="31" id="{b974d1d9-4dda-e611-80ed-00155d010e2c}" />
      <RootComponent type="31" id="{ba565603-a70e-e711-80ef-00155d010e2c}" />
      <RootComponent type="31" id="{bd3b06d7-48b2-e711-80fb-00155d010e2c}" />
      <RootComponent type="31" id="{c13624c1-c7ed-e611-80ee-00155d010e2c}" />
      <RootComponent type="31" id="{c4005add-2cff-e611-80ef-00155d010e2c}" />
      <RootComponent type="31" id="{f4f1218e-1574-e611-80dc-00155d010e2c}" />
      <RootComponent type="31" id="{f58d4e5c-4db2-e711-80fb-00155d010e2c}" />
      <RootComponent type="31" id="{fce6b184-5265-e711-80f5-00155d010e2c}" />
    </RootComponents>
    <MissingDependencies>
      <MissingDependency>
        <Required key="0" type="1" schemaName="gsc_sls_committedfirmorder" displayName="Committed Firm Order Inquiry" solution="Active" />
        <Dependent key="1" type="31" displayName="Suggested CFO" id="{246f335c-673e-e611-80d9-00155d010e2c}" />
      </MissingDependency>
      <MissingDependency>
        <Required key="2" type="1" schemaName="gsc_sls_vehicleadjustmentvarianceentry" displayName="Vehicle Adjustment/Variance Entry" solution="Active" />
        <Dependent key="3" type="31" displayName="Vehicle Adjustment Entry Form" id="{f4f1218e-1574-e611-80dc-00155d010e2c}" />
      </MissingDependency>
      <MissingDependency>
        <Required key="4" type="1" schemaName="gsc_sls_committedfirmorderquantity" displayName="Committed Firm Order Quantity" solution="Active" />
        <Dependent key="5" type="31" displayName="CFO Quantity" id="{b748e668-623e-e611-80d9-00155d010e2c}" />
      </MissingDependency>
      <MissingDependency>
        <Required key="6" type="1" schemaName="gsc_cmn_returntransaction" displayName="Return Transaction" solution="Active" />
        <Dependent key="7" type="31" displayName="Vehicle Purchase Order Return Form" id="{c13624c1-c7ed-e611-80ee-00155d010e2c}" />
      </MissingDependency>
      <MissingDependency>
        <Required key="8" type="1" schemaName="gsc_cmn_receivingtransaction" displayName="Receiving Transaction" solution="Active" />
        <Dependent key="9" type="31" displayName="Vehicle Receiving Transaction Form" id="{7d723b34-de52-e611-80da-00155d010e2c}" />
      </MissingDependency>
      <MissingDependency>
        <Required key="10" type="1" schemaName="gsc_iv_vehicleintransittransfer" displayName="Vehicle In-Transit Transfer" solution="Active" />
        <Dependent key="11" type="31" displayName="Vehicle In-Transit Transfer Form" id="{96bd2042-e870-e611-80db-00155d010e2c}" />
      </MissingDependency>
      <MissingDependency>
        <Required key="12" type="1" schemaName="gsc_iv_productquantity" displayName="Product Quantity" solution="Active" />
        <Dependent key="13" type="31" displayName="Vehicle Inventory By Quantity Form" id="{b974d1d9-4dda-e611-80ed-00155d010e2c}" />
      </MissingDependency>
      <MissingDependency>
        <Required key="12" type="1" schemaName="gsc_iv_productquantity" displayName="Product Quantity" solution="Active" />
        <Dependent key="14" type="31" displayName="Daily Sales and Stocks Report" id="{fce6b184-5265-e711-80f5-00155d010e2c}" />
      </MissingDependency>
      <MissingDependency>
        <Required key="2" type="1" schemaName="gsc_sls_vehicleadjustmentvarianceentry" displayName="Vehicle Adjustment/Variance Entry" solution="Active" />
        <Dependent key="15" type="31" displayName="InventoryAdjustment" id="{36529486-10a4-e711-80fa-00155d010e2c}" />
      </MissingDependency>
      <MissingDependency>
        <Required key="16" type="1" schemaName="gsc_cmn_purchaseorder" displayName="Purchase Order" solution="Active" />
        <Dependent key="17" type="31" displayName="Vehicle Purchase Order Form" id="{7d9b4e64-7442-e611-80da-00155d010e2c}" />
      </MissingDependency>
      <MissingDependency>
        <Required key="18" type="1" schemaName="gsc_sls_gvd" displayName="General Vehicle Data" solution="Active" />
        <Dependent key="19" type="31" displayName="General Vehicle Data Form" id="{806f7ed3-26da-e611-80ed-00155d010e2c}" />
      </MissingDependency>
      <MissingDependency>
        <Required key="20" type="9" schemaName="reportcategory_categorycode" displayName="Category" solution="System" />
        <Dependent key="21" type="31" displayName="Delivery Receipt and Gate Pass Form" id="{8bba0e41-04d4-e611-80e7-00155d010e2c}" />
      </MissingDependency>
      <MissingDependency>
        <Required key="20" type="9" schemaName="reportcategory_categorycode" displayName="Category" solution="System" />
        <Dependent key="13" type="31" displayName="Vehicle Inventory By Quantity Form" id="{b974d1d9-4dda-e611-80ed-00155d010e2c}" />
      </MissingDependency>
      <MissingDependency>
        <Required key="20" type="9" schemaName="reportcategory_categorycode" displayName="Category" solution="System" />
        <Dependent key="22" type="31" displayName="Sales Order Form" id="{4e217836-b0af-e611-80e1-00155d010e2c}" />
      </MissingDependency>
      <MissingDependency>
        <Required key="20" type="9" schemaName="reportcategory_categorycode" displayName="Category" solution="System" />
        <Dependent key="23" type="31" displayName="Vehicle Transfer Form" id="{3e749607-955f-e611-80db-00155d010e2c}" />
      </MissingDependency>
      <MissingDependency>
        <Required key="20" type="9" schemaName="reportcategory_categorycode" displayName="Category" solution="System" />
        <Dependent key="24" type="31" displayName="Sales Invoice Form" id="{5d57ff39-61d2-e611-80e7-00155d010e2c}" />
      </MissingDependency>
      <MissingDependency>
        <Required key="20" type="9" schemaName="reportcategory_categorycode" displayName="Category" solution="System" />
        <Dependent key="14" type="31" displayName="Daily Sales and Stocks Report" id="{fce6b184-5265-e711-80f5-00155d010e2c}" />
      </MissingDependency>
      <MissingDependency>
        <Required key="20" type="9" schemaName="reportcategory_categorycode" displayName="Category" solution="System" />
        <Dependent key="19" type="31" displayName="General Vehicle Data Form" id="{806f7ed3-26da-e611-80ed-00155d010e2c}" />
      </MissingDependency>
    </MissingDependencies>
  </SolutionManifest>
</ImportExportXml>