<ImportExportXml xmlns:xsi="http://www.w3.org/2001/XMLSchema-instance">
  <Entities></Entities>
  <Roles></Roles>
  <Workflows>
    <Workflow WorkflowId="{62fc4f7a-e25e-4486-98a6-c6491745e524}" Name="Concatenate Address Fields">
      <XamlFileName>/Workflows/ConcatenateAddressFields-62FC4F7A-E25E-4486-98A6-C6491745E524.xaml</XamlFileName>
      <Type>1</Type>
      <Subprocess>1</Subprocess>
      <Category>0</Category>
      <Mode>1</Mode>
      <Scope>4</Scope>
      <OnDemand>1</OnDemand>
      <TriggerOnUpdateAttributeList>gsc_zipcode,gsc_street,gsc_provinceid,gsc_countryid,gsc_cityid</TriggerOnUpdateAttributeList>
      <TriggerOnCreate>1</TriggerOnCreate>
      <TriggerOnDelete>0</TriggerOnDelete>
      <AsyncAutodelete>0</AsyncAutodelete>
      <SyncWorkflowLogOnFailure>1</SyncWorkflowLogOnFailure>
      <StateCode>1</StateCode>
      <StatusCode>2</StatusCode>
      <CreateStage>40</CreateStage>
      <UpdateStage>40</UpdateStage>
      <RunAs>1</RunAs>
      <IsTransacted>1</IsTransacted>
      <IntroducedVersion>0.5.0.161012</IntroducedVersion>
      <IsCustomizable>1</IsCustomizable>
      <PrimaryEntity>gsc_iv_Site</PrimaryEntity>
    </Workflow>
    <Workflow WorkflowId="{0f56e77e-62c3-4923-98d8-1e30845fadea}" Name="Generate Employee Password Hash">
      <XamlFileName>/Workflows/GenerateEmployeePasswordHash-0F56E77E-62C3-4923-98D8-1E30845FADEA.xaml</XamlFileName>
      <Type>1</Type>
      <Subprocess>0</Subprocess>
      <Category>0</Category>
      <Mode>0</Mode>
      <Scope>4</Scope>
      <OnDemand>1</OnDemand>
      <TriggerOnCreate>1</TriggerOnCreate>
      <TriggerOnDelete>0</TriggerOnDelete>
      <AsyncAutodelete>1</AsyncAutodelete>
      <SyncWorkflowLogOnFailure>0</SyncWorkflowLogOnFailure>
      <StateCode>1</StateCode>
      <StatusCode>2</StatusCode>
      <RunAs>1</RunAs>
      <IsTransacted>1</IsTransacted>
      <IntroducedVersion>0.5.0.161012</IntroducedVersion>
      <IsCustomizable>1</IsCustomizable>
      <PrimaryEntity>Contact</PrimaryEntity>
    </Workflow>
    <Workflow WorkflowId="{61777489-878a-41b7-a2ad-4a5b55bda2b6}" Name="Opportunity - Close as Lost">
      <XamlFileName>/Workflows/Opportunity-CloseasLost-61777489-878A-41B7-A2AD-4A5B55BDA2B6.xaml</XamlFileName>
      <Type>1</Type>
      <Subprocess>0</Subprocess>
      <Category>0</Category>
      <Mode>0</Mode>
      <Scope>4</Scope>
      <OnDemand>1</OnDemand>
      <TriggerOnCreate>0</TriggerOnCreate>
      <TriggerOnDelete>0</TriggerOnDelete>
      <AsyncAutodelete>1</AsyncAutodelete>
      <SyncWorkflowLogOnFailure>0</SyncWorkflowLogOnFailure>
      <StateCode>1</StateCode>
      <StatusCode>2</StatusCode>
      <RunAs>1</RunAs>
      <IsTransacted>1</IsTransacted>
      <IntroducedVersion>0.5.0.161012</IntroducedVersion>
      <IsCustomizable>1</IsCustomizable>
      <PrimaryEntity>Opportunity</PrimaryEntity>
    </Workflow>
    <Workflow WorkflowId="{30e6a737-97fc-446d-a432-d9329680644e}" Name="Opportunity - Close as Won">
      <XamlFileName>/Workflows/Opportunity-CloseasWon-30E6A737-97FC-446D-A432-D9329680644E.xaml</XamlFileName>
      <Type>1</Type>
      <Subprocess>0</Subprocess>
      <Category>0</Category>
      <Mode>0</Mode>
      <Scope>4</Scope>
      <OnDemand>1</OnDemand>
      <TriggerOnCreate>0</TriggerOnCreate>
      <TriggerOnDelete>0</TriggerOnDelete>
      <AsyncAutodelete>1</AsyncAutodelete>
      <SyncWorkflowLogOnFailure>0</SyncWorkflowLogOnFailure>
      <StateCode>1</StateCode>
      <StatusCode>2</StatusCode>
      <RunAs>1</RunAs>
      <IsTransacted>1</IsTransacted>
      <IntroducedVersion>0.5.0.161012</IntroducedVersion>
      <IsCustomizable>1</IsCustomizable>
      <PrimaryEntity>Opportunity</PrimaryEntity>
    </Workflow>
    <Workflow WorkflowId="{e2d7ff6b-76fd-4213-924b-e98dc5e35f8a}" Name="Opportunity - ReOpen">
      <XamlFileName>/Workflows/Opportunity-ReOpen-E2D7FF6B-76FD-4213-924B-E98DC5E35F8A.xaml</XamlFileName>
      <Type>1</Type>
      <Subprocess>0</Subprocess>
      <Category>0</Category>
      <Mode>1</Mode>
      <Scope>1</Scope>
      <OnDemand>1</OnDemand>
      <TriggerOnCreate>0</TriggerOnCreate>
      <TriggerOnDelete>0</TriggerOnDelete>
      <AsyncAutodelete>0</AsyncAutodelete>
      <SyncWorkflowLogOnFailure>1</SyncWorkflowLogOnFailure>
      <StateCode>1</StateCode>
      <StatusCode>2</StatusCode>
      <RunAs>1</RunAs>
      <IsTransacted>1</IsTransacted>
      <IntroducedVersion>1.2016.4.0</IntroducedVersion>
      <IsCustomizable>1</IsCustomizable>
      <PrimaryEntity>Opportunity</PrimaryEntity>
    </Workflow>
    <Workflow WorkflowId="{1aa46bba-a82f-4ebb-9d23-88c4b305f1e6}" Name="Price List - Change Status">
      <XamlFileName>/Workflows/PriceList-ChangeStatus-1AA46BBA-A82F-4EBB-9D23-88C4B305F1E6.xaml</XamlFileName>
      <Type>1</Type>
      <Subprocess>0</Subprocess>
      <Category>0</Category>
      <Mode>0</Mode>
      <Scope>4</Scope>
      <OnDemand>1</OnDemand>
      <TriggerOnCreate>0</TriggerOnCreate>
      <TriggerOnDelete>0</TriggerOnDelete>
      <AsyncAutodelete>1</AsyncAutodelete>
      <SyncWorkflowLogOnFailure>0</SyncWorkflowLogOnFailure>
      <StateCode>1</StateCode>
      <StatusCode>2</StatusCode>
      <RunAs>1</RunAs>
      <IsTransacted>1</IsTransacted>
      <IntroducedVersion>0.5.0.161012</IntroducedVersion>
      <IsCustomizable>1</IsCustomizable>
      <PrimaryEntity>PriceLevel</PrimaryEntity>
    </Workflow>
    <Workflow WorkflowId="{3c4b246a-2c3e-4e25-97db-a72ea0265dd0}" Name="Prospect Inquiry - ReOpen">
      <XamlFileName>/Workflows/ProspectInquiry-ReOpen-3C4B246A-2C3E-4E25-97DB-A72EA0265DD0.xaml</XamlFileName>
      <Type>1</Type>
      <Subprocess>0</Subprocess>
      <Category>0</Category>
      <Mode>1</Mode>
      <Scope>1</Scope>
      <OnDemand>1</OnDemand>
      <TriggerOnCreate>0</TriggerOnCreate>
      <TriggerOnDelete>0</TriggerOnDelete>
      <AsyncAutodelete>1</AsyncAutodelete>
      <SyncWorkflowLogOnFailure>1</SyncWorkflowLogOnFailure>
      <StateCode>1</StateCode>
      <StatusCode>2</StatusCode>
      <RunAs>1</RunAs>
      <IsTransacted>1</IsTransacted>
      <IntroducedVersion>1.2016.4.0</IntroducedVersion>
      <IsCustomizable>1</IsCustomizable>
      <PrimaryEntity>Lead</PrimaryEntity>
    </Workflow>
    <Workflow WorkflowId="{ce4ee3f9-f46f-4ddb-8b02-46f565c15f98}" Name="Prospect Inquiry - Update prospect name">
      <XamlFileName>/Workflows/ProspectInquiry-Updateprospectname-CE4EE3F9-F46F-4DDB-8B02-46F565C15F98.xaml</XamlFileName>
      <Type>1</Type>
      <Subprocess>0</Subprocess>
      <Category>0</Category>
      <Mode>0</Mode>
      <Scope>1</Scope>
      <OnDemand>1</OnDemand>
      <TriggerOnCreate>0</TriggerOnCreate>
      <TriggerOnDelete>0</TriggerOnDelete>
      <AsyncAutodelete>1</AsyncAutodelete>
      <SyncWorkflowLogOnFailure>0</SyncWorkflowLogOnFailure>
      <StateCode>1</StateCode>
      <StatusCode>2</StatusCode>
      <RunAs>1</RunAs>
      <IsTransacted>1</IsTransacted>
      <IntroducedVersion>0.8.1.170213</IntroducedVersion>
      <IsCustomizable>1</IsCustomizable>
      <PrimaryEntity>Lead</PrimaryEntity>
    </Workflow>
    <Workflow WorkflowId="{d8a371e2-ff01-41ff-b298-03a08504e1c9}" Name="Publish Vehicle and Item Catalog">
      <XamlFileName>/Workflows/PublishVehicleandItemCatalog-D8A371E2-FF01-41FF-B298-03A08504E1C9.xaml</XamlFileName>
      <Type>1</Type>
      <Subprocess>0</Subprocess>
      <Category>0</Category>
      <Mode>1</Mode>
      <Scope>4</Scope>
      <OnDemand>1</OnDemand>
      <TriggerOnCreate>1</TriggerOnCreate>
      <TriggerOnDelete>0</TriggerOnDelete>
      <AsyncAutodelete>1</AsyncAutodelete>
      <SyncWorkflowLogOnFailure>1</SyncWorkflowLogOnFailure>
      <StateCode>1</StateCode>
      <StatusCode>2</StatusCode>
      <RunAs>1</RunAs>
      <IsTransacted>1</IsTransacted>
      <IntroducedVersion>1.2016.2.0</IntroducedVersion>
      <IsCustomizable>1</IsCustomizable>
      <PrimaryEntity>Product</PrimaryEntity>
    </Workflow>
    <Workflow WorkflowId="{ef67f27f-19da-4cfe-a7de-3196bca4717c}" Name="Quote Won - Close Opportunity">
      <XamlFileName>/Workflows/QuoteWon-CloseOpportunity-EF67F27F-19DA-4CFE-A7DE-3196BCA4717C.xaml</XamlFileName>
      <Type>1</Type>
      <Subprocess>0</Subprocess>
      <Category>0</Category>
      <Mode>0</Mode>
      <Scope>4</Scope>
      <OnDemand>1</OnDemand>
      <TriggerOnCreate>0</TriggerOnCreate>
      <TriggerOnDelete>0</TriggerOnDelete>
      <AsyncAutodelete>1</AsyncAutodelete>
      <SyncWorkflowLogOnFailure>0</SyncWorkflowLogOnFailure>
      <StateCode>1</StateCode>
      <StatusCode>2</StatusCode>
      <RunAs>1</RunAs>
      <IsTransacted>1</IsTransacted>
      <IntroducedVersion>0.5.0.161012</IntroducedVersion>
      <IsCustomizable>1</IsCustomizable>
      <PrimaryEntity>Quote</PrimaryEntity>
    </Workflow>
    <Workflow WorkflowId="{c00a1fb4-a610-4baa-9236-d6593f2f39ac}" Name="Quote Won - Do Not Close Opportunity">
      <XamlFileName>/Workflows/QuoteWon-DoNotCloseOpportunity-C00A1FB4-A610-4BAA-9236-D6593F2F39AC.xaml</XamlFileName>
      <Type>1</Type>
      <Subprocess>0</Subprocess>
      <Category>0</Category>
      <Mode>0</Mode>
      <Scope>4</Scope>
      <OnDemand>1</OnDemand>
      <TriggerOnCreate>0</TriggerOnCreate>
      <TriggerOnDelete>0</TriggerOnDelete>
      <AsyncAutodelete>1</AsyncAutodelete>
      <SyncWorkflowLogOnFailure>0</SyncWorkflowLogOnFailure>
      <StateCode>1</StateCode>
      <StatusCode>2</StatusCode>
      <RunAs>1</RunAs>
      <IsTransacted>1</IsTransacted>
      <IntroducedVersion>0.5.0.161012</IntroducedVersion>
      <IsCustomizable>1</IsCustomizable>
      <PrimaryEntity>Quote</PrimaryEntity>
    </Workflow>
    <Workflow WorkflowId="{a9f64d22-5022-4c91-986a-aa262d3dbfed}" Name="Sales Quote - Reactivation">
      <XamlFileName>/Workflows/SalesQuote-Reactivation-A9F64D22-5022-4C91-986A-AA262D3DBFED.xaml</XamlFileName>
      <Type>1</Type>
      <Subprocess>0</Subprocess>
      <Category>0</Category>
      <Mode>1</Mode>
      <Scope>4</Scope>
      <OnDemand>1</OnDemand>
      <TriggerOnCreate>0</TriggerOnCreate>
      <TriggerOnDelete>0</TriggerOnDelete>
      <AsyncAutodelete>0</AsyncAutodelete>
      <SyncWorkflowLogOnFailure>1</SyncWorkflowLogOnFailure>
      <StateCode>1</StateCode>
      <StatusCode>2</StatusCode>
      <RunAs>1</RunAs>
      <IsTransacted>1</IsTransacted>
      <IntroducedVersion>1.2016.0.0</IntroducedVersion>
      <IsCustomizable>1</IsCustomizable>
      <PrimaryEntity>Quote</PrimaryEntity>
    </Workflow>
    <Workflow WorkflowId="{907aaebb-84e3-4473-9d97-153e4b1c9841}" Name="Send Employee Credentials">
      <XamlFileName>/Workflows/SendEmployeeCredentials-907AAEBB-84E3-4473-9D97-153E4B1C9841.xaml</XamlFileName>
      <Type>1</Type>
      <Subprocess>0</Subprocess>
      <Category>0</Category>
      <Mode>0</Mode>
      <Scope>4</Scope>
      <OnDemand>1</OnDemand>
      <TriggerOnCreate>0</TriggerOnCreate>
      <TriggerOnDelete>0</TriggerOnDelete>
      <AsyncAutodelete>1</AsyncAutodelete>
      <SyncWorkflowLogOnFailure>0</SyncWorkflowLogOnFailure>
      <StateCode>1</StateCode>
      <StatusCode>2</StatusCode>
      <RunAs>1</RunAs>
      <IsTransacted>1</IsTransacted>
      <IntroducedVersion>0.5.0.161012</IntroducedVersion>
      <IsCustomizable>1</IsCustomizable>
      <PrimaryEntity>adx_invitation</PrimaryEntity>
    </Workflow>
    <Workflow WorkflowId="{23bc2c2b-99d5-4fc8-ae6a-f6a0265ca4e4}" Name="Vehicle Adjustment/Variance Entry Detail_Create Positive Adjusment">
      <XamlFileName>/Workflows/VehicleAdjustmentVarianceEntryDetail_CreatePositiv-23BC2C2B-99D5-4FC8-AE6A-F6A0265CA4E4.xaml</XamlFileName>
      <Type>1</Type>
      <Subprocess>0</Subprocess>
      <Category>0</Category>
      <Mode>0</Mode>
      <Scope>1</Scope>
      <OnDemand>0</OnDemand>
      <TriggerOnCreate>1</TriggerOnCreate>
      <TriggerOnDelete>0</TriggerOnDelete>
      <AsyncAutodelete>1</AsyncAutodelete>
      <SyncWorkflowLogOnFailure>0</SyncWorkflowLogOnFailure>
      <StateCode>0</StateCode>
      <StatusCode>1</StatusCode>
      <RunAs>1</RunAs>
      <IsTransacted>1</IsTransacted>
      <IntroducedVersion>0.6.0.170105</IntroducedVersion>
      <IsCustomizable>1</IsCustomizable>
      <PrimaryEntity>gsc_sls_AdjustmentVarianceDetail</PrimaryEntity>
    </Workflow>
    <Workflow WorkflowId="{6a4973ad-729c-42b0-93e9-269c89b7da42}" Name="Vehicle Allocation - Send E-mail Notification to Invoice generator">
      <XamlFileName>/Workflows/VehicleAllocation-SendE-mailNotificationtoInvoiceg-6A4973AD-729C-42B0-93E9-269C89B7DA42.xaml</XamlFileName>
      <Type>1</Type>
      <Subprocess>0</Subprocess>
      <Category>0</Category>
      <Mode>0</Mode>
      <Scope>4</Scope>
      <OnDemand>0</OnDemand>
      <TriggerOnUpdateAttributeList>gsc_istransferforinvoicing</TriggerOnUpdateAttributeList>
      <TriggerOnCreate>0</TriggerOnCreate>
      <TriggerOnDelete>0</TriggerOnDelete>
      <AsyncAutodelete>1</AsyncAutodelete>
      <SyncWorkflowLogOnFailure>0</SyncWorkflowLogOnFailure>
      <StateCode>1</StateCode>
      <StatusCode>2</StatusCode>
      <RunAs>1</RunAs>
      <IsTransacted>1</IsTransacted>
      <IntroducedVersion>0.5.0.161012</IntroducedVersion>
      <IsCustomizable>1</IsCustomizable>
      <PrimaryEntity>SalesOrder</PrimaryEntity>
    </Workflow>
    <Workflow WorkflowId="{8b449409-d005-40f1-877f-5d2974174357}" Name="Vehicle Allocation - Send E-mail Notification to PDI Inspector">
      <XamlFileName>/Workflows/VehicleAllocation-SendE-mailNotificationtoPDIInspe-8B449409-D005-40F1-877F-5D2974174357.xaml</XamlFileName>
      <Type>1</Type>
      <Subprocess>0</Subprocess>
      <Category>0</Category>
      <Mode>1</Mode>
      <Scope>4</Scope>
      <OnDemand>0</OnDemand>
      <TriggerOnUpdateAttributeList>gsc_isreadyforpdi</TriggerOnUpdateAttributeList>
      <TriggerOnCreate>0</TriggerOnCreate>
      <TriggerOnDelete>0</TriggerOnDelete>
      <AsyncAutodelete>0</AsyncAutodelete>
      <SyncWorkflowLogOnFailure>1</SyncWorkflowLogOnFailure>
      <StateCode>1</StateCode>
      <StatusCode>2</StatusCode>
      <CreateStage>40</CreateStage>
      <UpdateStage>40</UpdateStage>
      <RunAs>1</RunAs>
      <IsTransacted>1</IsTransacted>
      <IntroducedVersion>1.2016.0.0</IntroducedVersion>
      <IsCustomizable>1</IsCustomizable>
      <PrimaryEntity>SalesOrder</PrimaryEntity>
    </Workflow>
    <Workflow WorkflowId="{8f64771a-3ce0-4ddc-af0f-58c92f396469}" Name="Vehicle Allocation - Send E-Mail Notification to Vehicle Allocator">
      <XamlFileName>/Workflows/VehicleAllocation-SendE-MailNotificationtoVehicleA-8F64771A-3CE0-4DDC-AF0F-58C92F396469.xaml</XamlFileName>
      <Type>1</Type>
      <Subprocess>0</Subprocess>
      <Category>0</Category>
      <Mode>1</Mode>
      <Scope>1</Scope>
      <OnDemand>1</OnDemand>
      <TriggerOnUpdateAttributeList>gsc_isrequestforallocation</TriggerOnUpdateAttributeList>
      <TriggerOnCreate>0</TriggerOnCreate>
      <TriggerOnDelete>0</TriggerOnDelete>
      <AsyncAutodelete>0</AsyncAutodelete>
      <SyncWorkflowLogOnFailure>1</SyncWorkflowLogOnFailure>
      <StateCode>1</StateCode>
      <StatusCode>2</StatusCode>
      <UpdateStage>40</UpdateStage>
      <RunAs>1</RunAs>
      <IsTransacted>1</IsTransacted>
      <IntroducedVersion>1.2016.0.0</IntroducedVersion>
      <IsCustomizable>1</IsCustomizable>
      <PrimaryEntity>SalesOrder</PrimaryEntity>
    </Workflow>
    <Workflow WorkflowId="{248e0ef8-faaa-43e2-a9d1-750ad9302c48}" Name="Vehicle Pre-Delivery Inspection - Send E-mail Notification to PDI Inspector">
      <XamlFileName>/Workflows/VehiclePre-DeliveryInspection-SendE-mailNotificati-248E0EF8-FAAA-43E2-A9D1-750AD9302C48.xaml</XamlFileName>
      <Type>1</Type>
      <Subprocess>0</Subprocess>
      <Category>0</Category>
      <Mode>1</Mode>
      <Scope>4</Scope>
      <OnDemand>0</OnDemand>
      <TriggerOnUpdateAttributeList>gsc_completed</TriggerOnUpdateAttributeList>
      <TriggerOnCreate>0</TriggerOnCreate>
      <TriggerOnDelete>0</TriggerOnDelete>
      <AsyncAutodelete>1</AsyncAutodelete>
      <SyncWorkflowLogOnFailure>1</SyncWorkflowLogOnFailure>
      <StateCode>0</StateCode>
      <StatusCode>1</StatusCode>
      <RunAs>1</RunAs>
      <IsTransacted>1</IsTransacted>
      <IntroducedVersion>1.2016.0.0</IntroducedVersion>
      <IsCustomizable>1</IsCustomizable>
      <PrimaryEntity>SalesOrder</PrimaryEntity>
    </Workflow>
  </Workflows>
  <FieldSecurityProfiles></FieldSecurityProfiles>
  <Templates />
  <EntityMaps />
  <EntityRelationships />
  <OrganizationSettings />
  <optionsets />
  <Languages>
    <Language>1033</Language>
  </Languages>
</ImportExportXml>