<ImportExportXml version="7.0.0001.0129" SolutionPackageVersion="7.0" languagecode="1033" generatedBy="OnPremise" xmlns:xsi="http://www.w3.org/2001/XMLSchema-instance">
  <SolutionManifest>
    <UniqueName>GSC_Processes</UniqueName>
    <LocalizedNames>
      <LocalizedName description="GSC_Processes" languagecode="1033" />
    </LocalizedNames>
    <Descriptions>
      <Description description="This solution contains all the processes/workflows for DMS." languagecode="1033" />
    </Descriptions>
    <Version>0.8.6.170330</Version>
    <Managed>0</Managed>
    <Publisher>
      <UniqueName>gurangosoftwarecorporation</UniqueName>
      <LocalizedNames />
      <Descriptions />
      <EMailAddress xsi:nil="true"></EMailAddress>
      <SupportingWebsiteUrl xsi:nil="true"></SupportingWebsiteUrl>
      <CustomizationPrefix>gsc</CustomizationPrefix>
      <CustomizationOptionValuePrefix>10000</CustomizationOptionValuePrefix>
      <Addresses>
        <Address>
          <AddressNumber>1</AddressNumber>
          <AddressTypeCode>1</AddressTypeCode>
          <City xsi:nil="true"></City>
          <County xsi:nil="true"></County>
          <Country xsi:nil="true"></Country>
          <Fax xsi:nil="true"></Fax>
          <FreightTermsCode xsi:nil="true"></FreightTermsCode>
          <ImportSequenceNumber xsi:nil="true"></ImportSequenceNumber>
          <Latitude xsi:nil="true"></Latitude>
          <Line1 xsi:nil="true"></Line1>
          <Line2 xsi:nil="true"></Line2>
          <Line3 xsi:nil="true"></Line3>
          <Longitude xsi:nil="true"></Longitude>
          <Name xsi:nil="true"></Name>
          <PostalCode xsi:nil="true"></PostalCode>
          <PostOfficeBox xsi:nil="true"></PostOfficeBox>
          <PrimaryContactName xsi:nil="true"></PrimaryContactName>
          <ShippingMethodCode>1</ShippingMethodCode>
          <StateOrProvince xsi:nil="true"></StateOrProvince>
          <Telephone1 xsi:nil="true"></Telephone1>
          <Telephone2 xsi:nil="true"></Telephone2>
          <Telephone3 xsi:nil="true"></Telephone3>
          <TimeZoneRuleVersionNumber xsi:nil="true"></TimeZoneRuleVersionNumber>
          <UPSZone xsi:nil="true"></UPSZone>
          <UTCOffset xsi:nil="true"></UTCOffset>
          <UTCConversionTimeZoneCode xsi:nil="true"></UTCConversionTimeZoneCode>
        </Address>
        <Address>
          <AddressNumber>2</AddressNumber>
          <AddressTypeCode>1</AddressTypeCode>
          <City xsi:nil="true"></City>
          <County xsi:nil="true"></County>
          <Country xsi:nil="true"></Country>
          <Fax xsi:nil="true"></Fax>
          <FreightTermsCode xsi:nil="true"></FreightTermsCode>
          <ImportSequenceNumber xsi:nil="true"></ImportSequenceNumber>
          <Latitude xsi:nil="true"></Latitude>
          <Line1 xsi:nil="true"></Line1>
          <Line2 xsi:nil="true"></Line2>
          <Line3 xsi:nil="true"></Line3>
          <Longitude xsi:nil="true"></Longitude>
          <Name xsi:nil="true"></Name>
          <PostalCode xsi:nil="true"></PostalCode>
          <PostOfficeBox xsi:nil="true"></PostOfficeBox>
          <PrimaryContactName xsi:nil="true"></PrimaryContactName>
          <ShippingMethodCode>1</ShippingMethodCode>
          <StateOrProvince xsi:nil="true"></StateOrProvince>
          <Telephone1 xsi:nil="true"></Telephone1>
          <Telephone2 xsi:nil="true"></Telephone2>
          <Telephone3 xsi:nil="true"></Telephone3>
          <TimeZoneRuleVersionNumber xsi:nil="true"></TimeZoneRuleVersionNumber>
          <UPSZone xsi:nil="true"></UPSZone>
          <UTCOffset xsi:nil="true"></UTCOffset>
          <UTCConversionTimeZoneCode xsi:nil="true"></UTCConversionTimeZoneCode>
        </Address>
      </Addresses>
    </Publisher>
    <RootComponents>
      <RootComponent type="29" id="{0f56e77e-62c3-4923-98d8-1e30845fadea}" />
      <RootComponent type="29" id="{1aa46bba-a82f-4ebb-9d23-88c4b305f1e6}" />
      <RootComponent type="29" id="{23bc2c2b-99d5-4fc8-ae6a-f6a0265ca4e4}" />
      <RootComponent type="29" id="{248e0ef8-faaa-43e2-a9d1-750ad9302c48}" />
      <RootComponent type="29" id="{30e6a737-97fc-446d-a432-d9329680644e}" />
      <RootComponent type="29" id="{3c4b246a-2c3e-4e25-97db-a72ea0265dd0}" />
      <RootComponent type="29" id="{61777489-878a-41b7-a2ad-4a5b55bda2b6}" />
      <RootComponent type="29" id="{62fc4f7a-e25e-4486-98a6-c6491745e524}" />
      <RootComponent type="29" id="{6a4973ad-729c-42b0-93e9-269c89b7da42}" />
      <RootComponent type="29" id="{8b449409-d005-40f1-877f-5d2974174357}" />
      <RootComponent type="29" id="{8f64771a-3ce0-4ddc-af0f-58c92f396469}" />
      <RootComponent type="29" id="{907aaebb-84e3-4473-9d97-153e4b1c9841}" />
      <RootComponent type="29" id="{a9f64d22-5022-4c91-986a-aa262d3dbfed}" />
      <RootComponent type="29" id="{c00a1fb4-a610-4baa-9236-d6593f2f39ac}" />
      <RootComponent type="29" id="{ce4ee3f9-f46f-4ddb-8b02-46f565c15f98}" />
      <RootComponent type="29" id="{d8a371e2-ff01-41ff-b298-03a08504e1c9}" />
      <RootComponent type="29" id="{e2d7ff6b-76fd-4213-924b-e98dc5e35f8a}" />
      <RootComponent type="29" id="{ef67f27f-19da-4cfe-a7de-3196bca4717c}" />
    </RootComponents>
    <MissingDependencies>
      <MissingDependency>
        <Required key="0" type="1" schemaName="gsc_iv_site" displayName="Site/Warehouse" solution="Active" />
        <Dependent key="1" type="29" displayName="Concatenate Address Fields" id="{62fc4f7a-e25e-4486-98a6-c6491745e524}" />
      </MissingDependency>
      <MissingDependency>
        <Required key="2" type="1" schemaName="adx_invitation" displayName="Invitation" solution="AdxstudioPortals (7.0.0079)" />
        <Dependent key="3" type="29" displayName="Send Employee Credentials" id="{907aaebb-84e3-4473-9d97-153e4b1c9841}" />
      </MissingDependency>
      <MissingDependency>
        <Required key="4" type="1" schemaName="gsc_sls_adjustmentvariancedetail" displayName="Vehicle Adjustment/Variance Entry Detail" solution="Active" />
        <Dependent key="5" type="29" displayName="Vehicle Adjustment/Variance Entry Detail_Create Positive Adjusment" id="{23bc2c2b-99d5-4fc8-ae6a-f6a0265ca4e4}" />
      </MissingDependency>
      <MissingDependency>
        <Required key="6" type="2" schemaName="gsc_disqualifiedstatusreason" displayName="Disqualified Status Reason" parentSchemaName="lead" parentDisplayName="Prospect Inquiry" solution="Active" />
        <Dependent key="7" type="29" displayName="Prospect Inquiry - ReOpen" id="{3c4b246a-2c3e-4e25-97db-a72ea0265dd0}" />
      </MissingDependency>
      <MissingDependency>
        <Required key="8" type="2" schemaName="gsc_disqualified" displayName="Disqualified" parentSchemaName="lead" parentDisplayName="Prospect Inquiry" solution="Active" />
        <Dependent key="7" type="29" displayName="Prospect Inquiry - ReOpen" id="{3c4b246a-2c3e-4e25-97db-a72ea0265dd0}" />
      </MissingDependency>
      <MissingDependency>
        <Required key="9" type="2" schemaName="gsc_datetransferredforpdi" displayName="Date Transferred for PDI" parentSchemaName="salesorder" parentDisplayName="Sales Order" solution="Active" />
        <Dependent key="10" type="29" displayName="Vehicle Allocation - Send E-mail Notification to PDI Inspector" id="{8b449409-d005-40f1-877f-5d2974174357}" />
      </MissingDependency>
      <MissingDependency>
        <Required key="11" type="2" schemaName="gsc_pdiinspectorid" displayName="PDI Inspector" parentSchemaName="account" parentDisplayName="Account" solution="Active" />
        <Dependent key="10" type="29" displayName="Vehicle Allocation - Send E-mail Notification to PDI Inspector" id="{8b449409-d005-40f1-877f-5d2974174357}" />
      </MissingDependency>
      <MissingDependency>
        <Required key="12" type="2" schemaName="gsc_branchid" displayName="Owning Branch" parentSchemaName="salesorder" parentDisplayName="Sales Order" solution="Active" />
        <Dependent key="10" type="29" displayName="Vehicle Allocation - Send E-mail Notification to PDI Inspector" id="{8b449409-d005-40f1-877f-5d2974174357}" />
      </MissingDependency>
      <MissingDependency>
        <Required key="13" type="2" schemaName="gsc_dealerid" displayName="Owning Dealer" parentSchemaName="salesorder" parentDisplayName="Sales Order" solution="Active" />
        <Dependent key="10" type="29" displayName="Vehicle Allocation - Send E-mail Notification to PDI Inspector" id="{8b449409-d005-40f1-877f-5d2974174357}" />
      </MissingDependency>
      <MissingDependency>
        <Required key="14" type="2" schemaName="gsc_adjustmentvariancedetailpn" displayName="Adjustment/Variance No" parentSchemaName="gsc_sls_adjustmentvariancedetail" parentDisplayName="Vehicle Adjustment/Variance Entry Detail" solution="Active" />
        <Dependent key="5" type="29" displayName="Vehicle Adjustment/Variance Entry Detail_Create Positive Adjusment" id="{23bc2c2b-99d5-4fc8-ae6a-f6a0265ca4e4}" />
      </MissingDependency>
      <MissingDependency>
        <Required key="15" type="2" schemaName="gsc_sls_adjustmentvariancedetailid" displayName="Vehicle Adjustment/Variance Entry Detail" parentSchemaName="gsc_sls_adjustmentvariancedetail" parentDisplayName="Vehicle Adjustment/Variance Entry Detail" solution="Active" />
        <Dependent key="5" type="29" displayName="Vehicle Adjustment/Variance Entry Detail_Create Positive Adjusment" id="{23bc2c2b-99d5-4fc8-ae6a-f6a0265ca4e4}" />
      </MissingDependency>
      <MissingDependency>
        <Required key="16" type="2" schemaName="gsc_isreadyforpdi" displayName="IsReadyforPDI" parentSchemaName="salesorder" parentDisplayName="Sales Order" solution="Active" />
        <Dependent key="10" type="29" displayName="Vehicle Allocation - Send E-mail Notification to PDI Inspector" id="{8b449409-d005-40f1-877f-5d2974174357}" />
      </MissingDependency>
      <MissingDependency>
        <Required key="17" type="2" schemaName="gsc_completed" displayName="Completed?" parentSchemaName="salesorder" parentDisplayName="Sales Order" solution="Active" />
        <Dependent key="18" type="29" displayName="Vehicle Pre-Delivery Inspection - Send E-mail Notification to PDI Inspector" id="{248e0ef8-faaa-43e2-a9d1-750ad9302c48}" />
      </MissingDependency>
      <MissingDependency>
        <Required key="19" type="2" schemaName="gsc_pdiinspectorid" displayName="PDI Inspector" parentSchemaName="salesorder" parentDisplayName="Sales Order" solution="Active" />
        <Dependent key="18" type="29" displayName="Vehicle Pre-Delivery Inspection - Send E-mail Notification to PDI Inspector" id="{248e0ef8-faaa-43e2-a9d1-750ad9302c48}" />
      </MissingDependency>
      <MissingDependency>
        <Required key="12" type="2" schemaName="gsc_branchid" displayName="Owning Branch" parentSchemaName="salesorder" parentDisplayName="Sales Order" solution="Active" />
        <Dependent key="20" type="29" displayName="Vehicle Allocation - Send E-mail Notification to Invoice generator" id="{6a4973ad-729c-42b0-93e9-269c89b7da42}" />
      </MissingDependency>
      <MissingDependency>
        <Required key="13" type="2" schemaName="gsc_dealerid" displayName="Owning Dealer" parentSchemaName="salesorder" parentDisplayName="Sales Order" solution="Active" />
        <Dependent key="20" type="29" displayName="Vehicle Allocation - Send E-mail Notification to Invoice generator" id="{6a4973ad-729c-42b0-93e9-269c89b7da42}" />
      </MissingDependency>
      <MissingDependency>
        <Required key="21" type="2" schemaName="gsc_invoicegeneratorid" displayName="Invoice Generator" parentSchemaName="account" parentDisplayName="Account" solution="Active" />
        <Dependent key="20" type="29" displayName="Vehicle Allocation - Send E-mail Notification to Invoice generator" id="{6a4973ad-729c-42b0-93e9-269c89b7da42}" />
      </MissingDependency>
      <MissingDependency>
        <Required key="22" type="2" schemaName="gsc_istransferforinvoicing" displayName="IsTransferforInvoicing" parentSchemaName="salesorder" parentDisplayName="Sales Order" solution="Active" />
        <Dependent key="20" type="29" displayName="Vehicle Allocation - Send E-mail Notification to Invoice generator" id="{6a4973ad-729c-42b0-93e9-269c89b7da42}" />
      </MissingDependency>
      <MissingDependency>
        <Required key="23" type="2" schemaName="gsc_createorder" displayName="Create Order?" parentSchemaName="quote" parentDisplayName="Quote" solution="Active" />
        <Dependent key="24" type="29" displayName="Quote Won - Close Opportunity" id="{ef67f27f-19da-4cfe-a7de-3196bca4717c}" />
      </MissingDependency>
      <MissingDependency>
        <Required key="23" type="2" schemaName="gsc_createorder" displayName="Create Order?" parentSchemaName="quote" parentDisplayName="Quote" solution="Active" />
        <Dependent key="25" type="29" displayName="Quote Won - Do Not Close Opportunity" id="{c00a1fb4-a610-4baa-9236-d6593f2f39ac}" />
      </MissingDependency>
      <MissingDependency>
        <Required key="26" type="2" schemaName="gsc_closeopportunity" displayName="Close Opportunity?" parentSchemaName="quote" parentDisplayName="Quote" solution="Active" />
        <Dependent key="24" type="29" displayName="Quote Won - Close Opportunity" id="{ef67f27f-19da-4cfe-a7de-3196bca4717c}" />
      </MissingDependency>
      <MissingDependency>
        <Required key="27" type="2" schemaName="adx_name" displayName="Name" parentSchemaName="adx_invitation" parentDisplayName="Invitation" solution="AdxstudioPortals (7.0.0079)" />
        <Dependent key="3" type="29" displayName="Send Employee Credentials" id="{907aaebb-84e3-4473-9d97-153e4b1c9841}" />
      </MissingDependency>
      <MissingDependency>
        <Required key="28" type="2" schemaName="adx_invitationid" displayName="Invitation" parentSchemaName="adx_invitation" parentDisplayName="Invitation" solution="AdxstudioPortals (7.0.0079)" />
        <Dependent key="3" type="29" displayName="Send Employee Credentials" id="{907aaebb-84e3-4473-9d97-153e4b1c9841}" />
      </MissingDependency>
      <MissingDependency>
        <Required key="29" type="2" schemaName="gsc_datecompleted" displayName="Date Completed" parentSchemaName="salesorder" parentDisplayName="Sales Order" solution="Active" />
        <Dependent key="18" type="29" displayName="Vehicle Pre-Delivery Inspection - Send E-mail Notification to PDI Inspector" id="{248e0ef8-faaa-43e2-a9d1-750ad9302c48}" />
      </MissingDependency>
      <MissingDependency>
        <Required key="12" type="2" schemaName="gsc_branchid" displayName="Owning Branch" parentSchemaName="salesorder" parentDisplayName="Sales Order" solution="Active" />
        <Dependent key="18" type="29" displayName="Vehicle Pre-Delivery Inspection - Send E-mail Notification to PDI Inspector" id="{248e0ef8-faaa-43e2-a9d1-750ad9302c48}" />
      </MissingDependency>
      <MissingDependency>
        <Required key="30" type="2" schemaName="gsc_isrequestforallocation" displayName="IsRequestforAllocation" parentSchemaName="salesorder" parentDisplayName="Sales Order" solution="Active" />
        <Dependent key="31" type="29" displayName="Vehicle Allocation - Send E-Mail Notification to Vehicle Allocator" id="{8f64771a-3ce0-4ddc-af0f-58c92f396469}" />
      </MissingDependency>
      <MissingDependency>
        <Required key="32" type="2" schemaName="gsc_vehicleallocator" displayName="Vehicle Allocator" parentSchemaName="account" parentDisplayName="Account" solution="Active" />
        <Dependent key="31" type="29" displayName="Vehicle Allocation - Send E-Mail Notification to Vehicle Allocator" id="{8f64771a-3ce0-4ddc-af0f-58c92f396469}" />
      </MissingDependency>
      <MissingDependency>
        <Required key="12" type="2" schemaName="gsc_branchid" displayName="Owning Branch" parentSchemaName="salesorder" parentDisplayName="Sales Order" solution="Active" />
        <Dependent key="31" type="29" displayName="Vehicle Allocation - Send E-Mail Notification to Vehicle Allocator" id="{8f64771a-3ce0-4ddc-af0f-58c92f396469}" />
      </MissingDependency>
      <MissingDependency>
        <Required key="13" type="2" schemaName="gsc_dealerid" displayName="Owning Dealer" parentSchemaName="salesorder" parentDisplayName="Sales Order" solution="Active" />
        <Dependent key="31" type="29" displayName="Vehicle Allocation - Send E-Mail Notification to Vehicle Allocator" id="{8f64771a-3ce0-4ddc-af0f-58c92f396469}" />
      </MissingDependency>
      <MissingDependency>
        <Required key="33" type="2" schemaName="gsc_revisionnumber" displayName="Revision Number" parentSchemaName="quote" parentDisplayName="Quote" solution="Active" />
        <Dependent key="34" type="29" displayName="Sales Quote - Reactivation" id="{a9f64d22-5022-4c91-986a-aa262d3dbfed}" />
      </MissingDependency>
      <MissingDependency>
        <Required key="35" type="2" schemaName="gsc_recordtype" displayName="Record Type" parentSchemaName="contact" parentDisplayName="Contact" solution="Active" />
        <Dependent key="36" type="29" displayName="Generate Employee Password Hash" id="{0f56e77e-62c3-4923-98d8-1e30845fadea}" />
      </MissingDependency>
      <MissingDependency>
        <Required key="37" type="2" schemaName="adx_password" displayName="Password" parentSchemaName="contact" parentDisplayName="Contact" solution="AdxstudioPortalsDependencies (1.0.0031)" />
        <Dependent key="36" type="29" displayName="Generate Employee Password Hash" id="{0f56e77e-62c3-4923-98d8-1e30845fadea}" />
      </MissingDependency>
      <MissingDependency>
        <Required key="38" type="2" schemaName="adx_identity_logonenabled" displayName="Login Enabled" parentSchemaName="contact" parentDisplayName="Contact" solution="AdxstudioIdentity (7.0.0003)" />
        <Dependent key="36" type="29" displayName="Generate Employee Password Hash" id="{0f56e77e-62c3-4923-98d8-1e30845fadea}" />
      </MissingDependency>
      <MissingDependency>
        <Required key="13" type="2" schemaName="gsc_dealerid" displayName="Owning Dealer" parentSchemaName="salesorder" parentDisplayName="Sales Order" solution="Active" />
        <Dependent key="18" type="29" displayName="Vehicle Pre-Delivery Inspection - Send E-mail Notification to PDI Inspector" id="{248e0ef8-faaa-43e2-a9d1-750ad9302c48}" />
      </MissingDependency>
      <MissingDependency>
        <Required key="11" type="2" schemaName="gsc_pdiinspectorid" displayName="PDI Inspector" parentSchemaName="account" parentDisplayName="Account" solution="Active" />
        <Dependent key="18" type="29" displayName="Vehicle Pre-Delivery Inspection - Send E-mail Notification to PDI Inspector" id="{248e0ef8-faaa-43e2-a9d1-750ad9302c48}" />
      </MissingDependency>
      <MissingDependency>
        <Required key="39" type="2" schemaName="gsc_prospectname" displayName="Name" parentSchemaName="lead" parentDisplayName="Prospect Inquiry" solution="Active" />
        <Dependent key="40" type="29" displayName="Prospect Inquiry - Update prospect name" id="{ce4ee3f9-f46f-4ddb-8b02-46f565c15f98}" />
      </MissingDependency>
      <MissingDependency>
        <Required key="41" type="2" schemaName="gsc_prospecttype" displayName="Prospect Type" parentSchemaName="lead" parentDisplayName="Prospect Inquiry" solution="Active" />
        <Dependent key="40" type="29" displayName="Prospect Inquiry - Update prospect name" id="{ce4ee3f9-f46f-4ddb-8b02-46f565c15f98}" />
      </MissingDependency>
      <MissingDependency>
        <Required key="42" type="2" schemaName="gsc_provinceid" displayName="Province" parentSchemaName="gsc_iv_site" parentDisplayName="Site/Warehouse" solution="Active" />
        <Dependent key="1" type="29" displayName="Concatenate Address Fields" id="{62fc4f7a-e25e-4486-98a6-c6491745e524}" />
      </MissingDependency>
      <MissingDependency>
        <Required key="43" type="2" schemaName="gsc_countryid" displayName="Country" parentSchemaName="gsc_iv_site" parentDisplayName="Site/Warehouse" solution="Active" />
        <Dependent key="1" type="29" displayName="Concatenate Address Fields" id="{62fc4f7a-e25e-4486-98a6-c6491745e524}" />
      </MissingDependency>
      <MissingDependency>
        <Required key="44" type="2" schemaName="gsc_iv_siteid" displayName="Site" parentSchemaName="gsc_iv_site" parentDisplayName="Site/Warehouse" solution="Active" />
        <Dependent key="1" type="29" displayName="Concatenate Address Fields" id="{62fc4f7a-e25e-4486-98a6-c6491745e524}" />
      </MissingDependency>
      <MissingDependency>
        <Required key="45" type="2" schemaName="gsc_cityid" displayName="City" parentSchemaName="gsc_iv_site" parentDisplayName="Site/Warehouse" solution="Active" />
        <Dependent key="1" type="29" displayName="Concatenate Address Fields" id="{62fc4f7a-e25e-4486-98a6-c6491745e524}" />
      </MissingDependency>
      <MissingDependency>
        <Required key="46" type="2" schemaName="gsc_sitepn" displayName="Site ID" parentSchemaName="gsc_iv_site" parentDisplayName="Site/Warehouse" solution="Active" />
        <Dependent key="1" type="29" displayName="Concatenate Address Fields" id="{62fc4f7a-e25e-4486-98a6-c6491745e524}" />
      </MissingDependency>
      <MissingDependency>
        <Required key="47" type="2" schemaName="gsc_zipcode" displayName="Zip code" parentSchemaName="gsc_iv_site" parentDisplayName="Site/Warehouse" solution="Active" />
        <Dependent key="1" type="29" displayName="Concatenate Address Fields" id="{62fc4f7a-e25e-4486-98a6-c6491745e524}" />
      </MissingDependency>
      <MissingDependency>
        <Required key="48" type="2" schemaName="gsc_street" displayName="Street" parentSchemaName="gsc_iv_site" parentDisplayName="Site/Warehouse" solution="Active" />
        <Dependent key="1" type="29" displayName="Concatenate Address Fields" id="{62fc4f7a-e25e-4486-98a6-c6491745e524}" />
      </MissingDependency>
      <MissingDependency>
        <Required key="49" type="2" schemaName="gsc_address" displayName="Address" parentSchemaName="gsc_iv_site" parentDisplayName="Site/Warehouse" solution="Active" />
        <Dependent key="1" type="29" displayName="Concatenate Address Fields" id="{62fc4f7a-e25e-4486-98a6-c6491745e524}" />
      </MissingDependency>
      <MissingDependency>
        <Required key="50" type="10" schemaName="gsc_account_salesorder_Dealer" displayName="gsc_account_salesorder_Dealer" parentSchemaName="salesorder" parentDisplayName="Sales Order" solution="Active" />
        <Dependent key="18" type="29" displayName="Vehicle Pre-Delivery Inspection - Send E-mail Notification to PDI Inspector" id="{248e0ef8-faaa-43e2-a9d1-750ad9302c48}" />
      </MissingDependency>
      <MissingDependency>
        <Required key="51" type="10" schemaName="gsc_account_salesorder_Branch" displayName="gsc_account_salesorder_Branch" parentSchemaName="salesorder" parentDisplayName="Sales Order" solution="Active" />
        <Dependent key="18" type="29" displayName="Vehicle Pre-Delivery Inspection - Send E-mail Notification to PDI Inspector" id="{248e0ef8-faaa-43e2-a9d1-750ad9302c48}" />
      </MissingDependency>
      <MissingDependency>
        <Required key="50" type="10" schemaName="gsc_account_salesorder_Dealer" displayName="gsc_account_salesorder_Dealer" parentSchemaName="salesorder" parentDisplayName="Sales Order" solution="Active" />
        <Dependent key="31" type="29" displayName="Vehicle Allocation - Send E-Mail Notification to Vehicle Allocator" id="{8f64771a-3ce0-4ddc-af0f-58c92f396469}" />
      </MissingDependency>
      <MissingDependency>
        <Required key="51" type="10" schemaName="gsc_account_salesorder_Branch" displayName="gsc_account_salesorder_Branch" parentSchemaName="salesorder" parentDisplayName="Sales Order" solution="Active" />
        <Dependent key="31" type="29" displayName="Vehicle Allocation - Send E-Mail Notification to Vehicle Allocator" id="{8f64771a-3ce0-4ddc-af0f-58c92f396469}" />
      </MissingDependency>
      <MissingDependency>
        <Required key="51" type="10" schemaName="gsc_account_salesorder_Branch" displayName="gsc_account_salesorder_Branch" parentSchemaName="salesorder" parentDisplayName="Sales Order" solution="Active" />
        <Dependent key="20" type="29" displayName="Vehicle Allocation - Send E-mail Notification to Invoice generator" id="{6a4973ad-729c-42b0-93e9-269c89b7da42}" />
      </MissingDependency>
      <MissingDependency>
        <Required key="51" type="10" schemaName="gsc_account_salesorder_Branch" displayName="gsc_account_salesorder_Branch" parentSchemaName="salesorder" parentDisplayName="Sales Order" solution="Active" />
        <Dependent key="10" type="29" displayName="Vehicle Allocation - Send E-mail Notification to PDI Inspector" id="{8b449409-d005-40f1-877f-5d2974174357}" />
      </MissingDependency>
      <MissingDependency>
        <Required key="50" type="10" schemaName="gsc_account_salesorder_Dealer" displayName="gsc_account_salesorder_Dealer" parentSchemaName="salesorder" parentDisplayName="Sales Order" solution="Active" />
        <Dependent key="10" type="29" displayName="Vehicle Allocation - Send E-mail Notification to PDI Inspector" id="{8b449409-d005-40f1-877f-5d2974174357}" />
      </MissingDependency>
      <MissingDependency>
        <Required key="50" type="10" schemaName="gsc_account_salesorder_Dealer" displayName="gsc_account_salesorder_Dealer" parentSchemaName="salesorder" parentDisplayName="Sales Order" solution="Active" />
        <Dependent key="20" type="29" displayName="Vehicle Allocation - Send E-mail Notification to Invoice generator" id="{6a4973ad-729c-42b0-93e9-269c89b7da42}" />
      </MissingDependency>
      <MissingDependency>
        <Required key="52" type="90" schemaName="GSC.Rover.DMS.Platform.Workflow.InvitationManagement.GenerateEmployeeCredentials, GSC.Rover.DMS.Platform.Workflow, Version=1.0.0.0, Culture=neutral, PublicKeyToken=d27dae806aab9428" displayName="Generate Employee Credentials" solution="Active" />
        <Dependent key="3" type="29" displayName="Send Employee Credentials" id="{907aaebb-84e3-4473-9d97-153e4b1c9841}" />
      </MissingDependency>
      <MissingDependency>
        <Required key="53" type="90" schemaName="Adxstudio.Xrm.Workflow.Identity.ChangePassword, Adxstudio.Xrm.Workflow.Identity, Version=1.0.0.2, Culture=neutral, PublicKeyToken=fa79bd0b74a539cd" displayName="Adxstudio.Xrm.Workflow.Identity.ChangePassword" solution="AdxstudioIdentity (7.0.0003)" />
        <Dependent key="36" type="29" displayName="Generate Employee Password Hash" id="{0f56e77e-62c3-4923-98d8-1e30845fadea}" />
      </MissingDependency>
      <MissingDependency>
        <Required key="54" type="90" schemaName="Adxstudio.Xrm.Workflow.Identity.SetSecurityStamp, Adxstudio.Xrm.Workflow.Identity, Version=1.0.0.2, Culture=neutral, PublicKeyToken=fa79bd0b74a539cd" displayName="Adxstudio.Xrm.Workflow.Identity.SetSecurityStamp" solution="AdxstudioIdentity (7.0.0003)" />
        <Dependent key="36" type="29" displayName="Generate Employee Password Hash" id="{0f56e77e-62c3-4923-98d8-1e30845fadea}" />
      </MissingDependency>
    </MissingDependencies>
  </SolutionManifest>
</ImportExportXml>