<ImportExportXml version="7.0.0001.0129" SolutionPackageVersion="7.0" languagecode="1033" generatedBy="OnPremise" xmlns:xsi="http://www.w3.org/2001/XMLSchema-instance">
  <SolutionManifest>
    <UniqueName>GSC_IDSequenceGenerator</UniqueName>
    <LocalizedNames>
      <LocalizedName description="GSC_IDSequenceGenerator" languagecode="1033" />
    </LocalizedNames>
    <Descriptions>
      <Description description="This solution contains all the entities , plug-in assemblies and sdk messsage processing steps SDK that are related to ID Sequence Generation." languagecode="1033" />
    </Descriptions>
    <Version>0.2.0.170323</Version>
    <Managed>0</Managed>
    <Publisher>
      <UniqueName>gurangosoftwarecorporation</UniqueName>
      <LocalizedNames />
      <Descriptions />
      <EMailAddress xsi:nil="true"></EMailAddress>
      <SupportingWebsiteUrl xsi:nil="true"></SupportingWebsiteUrl>
      <CustomizationPrefix>gsc</CustomizationPrefix>
      <CustomizationOptionValuePrefix>10000</CustomizationOptionValuePrefix>
      <Addresses>
        <Address>
          <AddressNumber>1</AddressNumber>
          <AddressTypeCode>1</AddressTypeCode>
          <City xsi:nil="true"></City>
          <County xsi:nil="true"></County>
          <Country xsi:nil="true"></Country>
          <Fax xsi:nil="true"></Fax>
          <FreightTermsCode xsi:nil="true"></FreightTermsCode>
          <ImportSequenceNumber xsi:nil="true"></ImportSequenceNumber>
          <Latitude xsi:nil="true"></Latitude>
          <Line1 xsi:nil="true"></Line1>
          <Line2 xsi:nil="true"></Line2>
          <Line3 xsi:nil="true"></Line3>
          <Longitude xsi:nil="true"></Longitude>
          <Name xsi:nil="true"></Name>
          <PostalCode xsi:nil="true"></PostalCode>
          <PostOfficeBox xsi:nil="true"></PostOfficeBox>
          <PrimaryContactName xsi:nil="true"></PrimaryContactName>
          <ShippingMethodCode>1</ShippingMethodCode>
          <StateOrProvince xsi:nil="true"></StateOrProvince>
          <Telephone1 xsi:nil="true"></Telephone1>
          <Telephone2 xsi:nil="true"></Telephone2>
          <Telephone3 xsi:nil="true"></Telephone3>
          <TimeZoneRuleVersionNumber xsi:nil="true"></TimeZoneRuleVersionNumber>
          <UPSZone xsi:nil="true"></UPSZone>
          <UTCOffset xsi:nil="true"></UTCOffset>
          <UTCConversionTimeZoneCode xsi:nil="true"></UTCConversionTimeZoneCode>
        </Address>
        <Address>
          <AddressNumber>2</AddressNumber>
          <AddressTypeCode>1</AddressTypeCode>
          <City xsi:nil="true"></City>
          <County xsi:nil="true"></County>
          <Country xsi:nil="true"></Country>
          <Fax xsi:nil="true"></Fax>
          <FreightTermsCode xsi:nil="true"></FreightTermsCode>
          <ImportSequenceNumber xsi:nil="true"></ImportSequenceNumber>
          <Latitude xsi:nil="true"></Latitude>
          <Line1 xsi:nil="true"></Line1>
          <Line2 xsi:nil="true"></Line2>
          <Line3 xsi:nil="true"></Line3>
          <Longitude xsi:nil="true"></Longitude>
          <Name xsi:nil="true"></Name>
          <PostalCode xsi:nil="true"></PostalCode>
          <PostOfficeBox xsi:nil="true"></PostOfficeBox>
          <PrimaryContactName xsi:nil="true"></PrimaryContactName>
          <ShippingMethodCode>1</ShippingMethodCode>
          <StateOrProvince xsi:nil="true"></StateOrProvince>
          <Telephone1 xsi:nil="true"></Telephone1>
          <Telephone2 xsi:nil="true"></Telephone2>
          <Telephone3 xsi:nil="true"></Telephone3>
          <TimeZoneRuleVersionNumber xsi:nil="true"></TimeZoneRuleVersionNumber>
          <UPSZone xsi:nil="true"></UPSZone>
          <UTCOffset xsi:nil="true"></UTCOffset>
          <UTCConversionTimeZoneCode xsi:nil="true"></UTCConversionTimeZoneCode>
        </Address>
      </Addresses>
    </Publisher>
    <RootComponents>
      <RootComponent type="1" schemaName="gsc_cmn_idrequest" />
      <RootComponent type="1" schemaName="gsc_cmn_idsequence" />
      <RootComponent type="91" schemaName="xRM.Anduril.IDGen, Version=1.0.0.0, Culture=neutral, PublicKeyToken=fe7f35056bafc7da" />
      <RootComponent type="92" id="{4736227f-0e5a-e611-80db-00155d010e2c}" />
      <RootComponent type="92" id="{e7c39e48-245a-e611-80db-00155d010e2c}" />
    </RootComponents>
    <MissingDependencies>
      <MissingDependency>
        <Required key="0" type="1" schemaName="account" displayName="Account" solution="System" />
        <Dependent key="1" type="10" schemaName="gsc_account_gsc_cmn_idsequence_DealerId" displayName="gsc_account_gsc_cmn_idsequence_DealerId" parentSchemaName="gsc_cmn_idsequence" parentDisplayName="ID Sequence" />
      </MissingDependency>
      <MissingDependency>
        <Required key="0" type="1" schemaName="account" displayName="Account" solution="System" />
        <Dependent key="2" type="10" schemaName="gsc_account_gsc_cmn_idrequest_BranchId" displayName="gsc_account_gsc_cmn_idrequest_BranchId" parentSchemaName="gsc_cmn_idrequest" parentDisplayName="ID Request" />
      </MissingDependency>
      <MissingDependency>
        <Required key="3" type="1" schemaName="contact" displayName="Contact" solution="System" />
        <Dependent key="4" type="10" schemaName="gsc_contact_gsc_cmn_idsequence_RecordOwnerId" displayName="gsc_contact_gsc_cmn_idsequence_RecordOwnerId" parentSchemaName="gsc_cmn_idsequence" parentDisplayName="ID Sequence" />
      </MissingDependency>
      <MissingDependency>
        <Required key="3" type="1" schemaName="contact" displayName="Contact" solution="System" />
        <Dependent key="5" type="10" schemaName="gsc_contact_gsc_cmn_idrequest_RecordOwnerId" displayName="gsc_contact_gsc_cmn_idrequest_RecordOwnerId" parentSchemaName="gsc_cmn_idrequest" parentDisplayName="ID Request" />
      </MissingDependency>
      <MissingDependency>
        <Required key="0" type="1" schemaName="account" displayName="Account" solution="System" />
        <Dependent key="6" type="10" schemaName="gsc_account_gsc_cmn_idrequest_DealerId" displayName="gsc_account_gsc_cmn_idrequest_DealerId" parentSchemaName="gsc_cmn_idrequest" parentDisplayName="ID Request" />
      </MissingDependency>
      <MissingDependency>
        <Required key="0" type="1" schemaName="account" displayName="Account" solution="System" />
        <Dependent key="7" type="10" schemaName="gsc_account_gsc_cmn_idsequence_BranchId" displayName="gsc_account_gsc_cmn_idsequence_BranchId" parentSchemaName="gsc_cmn_idsequence" parentDisplayName="ID Sequence" />
      </MissingDependency>
      <MissingDependency>
        <Required key="8" type="20" displayName="System Customizer" solution="System" id="{e3a3b81e-877b-e511-80bb-00155d010e2e}" parentId="{119f245c-3cc8-4b62-b31c-d1a046ced15d}" />
        <Dependent key="9" type="60" displayName="New ID Sequence Portal Form" parentDisplayName="ID Sequence" id="{55ccd2b1-3340-487b-bf57-f9c62813aa95}" />
      </MissingDependency>
      <MissingDependency>
        <Required key="8" type="20" displayName="System Customizer" solution="System" id="{e3a3b81e-877b-e511-80bb-00155d010e2e}" parentId="{119f245c-3cc8-4b62-b31c-d1a046ced15d}" />
        <Dependent key="10" type="60" displayName="Edit ID Sequence Portal Form" parentDisplayName="ID Sequence" id="{daf08f86-d667-40a0-a818-e664ad70c7a9}" />
      </MissingDependency>
      <MissingDependency>
        <Required key="8" type="20" displayName="System Customizer" solution="System" id="{e3a3b81e-877b-e511-80bb-00155d010e2e}" parentId="{119f245c-3cc8-4b62-b31c-d1a046ced15d}" />
        <Dependent key="11" type="60" displayName="Edit ID Request Portal Form" parentDisplayName="ID Request" id="{673ecbbc-9f34-4298-a437-17941f0e2d99}" />
      </MissingDependency>
      <MissingDependency>
        <Required key="8" type="20" displayName="System Customizer" solution="System" id="{e3a3b81e-877b-e511-80bb-00155d010e2e}" parentId="{119f245c-3cc8-4b62-b31c-d1a046ced15d}" />
        <Dependent key="12" type="60" displayName="New ID Request Portal Form" parentDisplayName="ID Request" id="{5ca5b1d3-fd26-4e2f-a42b-246d3b332817}" />
      </MissingDependency>
      <MissingDependency>
        <Required key="13" type="26" schemaName="Individual" displayName="Individual" parentSchemaName="contact" parentDisplayName="Contact" solution="System" id="{a2d479c5-53e3-4c69-addd-802327e67a0d}" />
        <Dependent key="11" type="60" displayName="Edit ID Request Portal Form" parentDisplayName="ID Request" id="{673ecbbc-9f34-4298-a437-17941f0e2d99}" />
      </MissingDependency>
      <MissingDependency>
        <Required key="14" type="26" schemaName="Corporate" displayName="Corporate" parentSchemaName="account" parentDisplayName="Account" solution="System" id="{a9af0ab8-861d-4cfa-92a5-c6281fed7fab}" />
        <Dependent key="11" type="60" displayName="Edit ID Request Portal Form" parentDisplayName="ID Request" id="{673ecbbc-9f34-4298-a437-17941f0e2d99}" />
      </MissingDependency>
      <MissingDependency>
        <Required key="13" type="26" schemaName="Individual" displayName="Individual" parentSchemaName="contact" parentDisplayName="Contact" solution="System" id="{a2d479c5-53e3-4c69-addd-802327e67a0d}" />
        <Dependent key="9" type="60" displayName="New ID Sequence Portal Form" parentDisplayName="ID Sequence" id="{55ccd2b1-3340-487b-bf57-f9c62813aa95}" />
      </MissingDependency>
      <MissingDependency>
        <Required key="14" type="26" schemaName="Corporate" displayName="Corporate" parentSchemaName="account" parentDisplayName="Account" solution="System" id="{a9af0ab8-861d-4cfa-92a5-c6281fed7fab}" />
        <Dependent key="9" type="60" displayName="New ID Sequence Portal Form" parentDisplayName="ID Sequence" id="{55ccd2b1-3340-487b-bf57-f9c62813aa95}" />
      </MissingDependency>
      <MissingDependency>
        <Required key="14" type="26" schemaName="Corporate" displayName="Corporate" parentSchemaName="account" parentDisplayName="Account" solution="System" id="{a9af0ab8-861d-4cfa-92a5-c6281fed7fab}" />
        <Dependent key="10" type="60" displayName="Edit ID Sequence Portal Form" parentDisplayName="ID Sequence" id="{daf08f86-d667-40a0-a818-e664ad70c7a9}" />
      </MissingDependency>
      <MissingDependency>
        <Required key="13" type="26" schemaName="Individual" displayName="Individual" parentSchemaName="contact" parentDisplayName="Contact" solution="System" id="{a2d479c5-53e3-4c69-addd-802327e67a0d}" />
        <Dependent key="10" type="60" displayName="Edit ID Sequence Portal Form" parentDisplayName="ID Sequence" id="{daf08f86-d667-40a0-a818-e664ad70c7a9}" />
      </MissingDependency>
    </MissingDependencies>
  </SolutionManifest>
</ImportExportXml>